key,lng,lat,name,pre_1800_name
stadester-Balkh-Afghanistan,66.8975372,36.7550603,Balkh,Balkh
stadester-Ghazni-Afghanistan,68.4221352,33.5471303,Ghazni,Ghazni
stadester-Herât-Afghanistan,62.20402869999999,34.352865,Herât,Herât
stadester-Kabul-Afghanistan,69.207486,34.5553494,Kabul,Kabul
stadester-Kunduz-Afghanistan,68.8680663,36.7285907,Kunduz,Kunduz
stadester-Lashkargha-Afghanistan,64.4082082,31.6095648,Lashkar Gah,Lashkar Gah
stadester-Qandahâr-Afghanistan,65.71581929999999,31.6205076,Qandahâr,Qandahâr
stadester-Bâgar Hât-Bangladesh,90.356331,23.684994,Bâgar Hât,Bâgar Hât
stadester-Chittagong-Bangladesh,91.8348606,22.3752075,Chittagong,Chittagong
stadester-Dhaka-Bangladesh,90.4152376,23.804093,Dhaka,Dhaka
stadester-Bandar Seri Begawan-Brunei,114.9419021,4.8923413,Bandar Seri Begawan,Bandar Seri Begawan
stadester-Phnom Penh-Cambodia,104.9282099,11.5563738,Phnom Penh,Phnom Penh
stadester-Aksu-China,80.26338,41.1676299,Aksu,Aksu
stadester-Anshan-China,122.9946,41.1077699,Anshan,Anshan
stadester-Anyang-China,114.3930629,36.097524,Anyang,Anyang
stadester-Baoding-China,115.46459,38.8739599,Baoding,Baoding
stadester-Baoji-China,107.23775,34.3631699,Baoji,Baoji
stadester-Beijing-China,116.407395,39.904211,Beijing,Beijing
stadester-Changchun-China,125.32357,43.8160199,Changchun,Changchun
stadester-Chongqing-China,106.5511838,29.5656843,Chongqing,Chongqing
stadester-Changsha-China,112.93886,28.2277799,Changsha,Changsha
stadester-Changzhou-China,119.97365,31.8107199,Changzhou,Changzhou
stadester-Chengde-China,117.9634,40.95149989999999,Chengde,Chengde
stadester-Chengdu-China,104.0665099,30.5722599,Chengdu,Chengdu
stadester-Datong-China,113.30001,40.0763699,Datong,Datong
stadester-Foshan-China,113.12192,23.0218499,Foshan,Foshan
stadester-Fuzhou-China,119.29647,26.0742099,Fuzhou,Fuzhou
stadester-Ganzhou-China,114.93476,25.8310899,Ganzhou,Ganzhou
stadester-Guangzhou-China,113.26436,23.1290799,Guangzhou,Guangzhou
stadester-Guiyang-China,106.63019,26.6475899,Guiyang,Guiyang
stadester-Handan-China,114.53918,36.6255599,Handan,Handan
stadester-Hangzhou-China,120.15515,30.2741499,Hangzhou,Hangzhou
stadester-Hanzhong-China,107.02377,33.0676099,Hanzhong,Hanzhong
stadester-Harbin-China,126.6424173,45.7567307,Harbin,Harbin
stadester-Hefei-China,117.22901,31.8205699,Hefei,Hefei
stadester-Hohhot-China,111.75199,40.8414899,Hohhot,Hohhot
stadester-Huai'an-China,119.113185,33.551052,Huai'an,Huai'an
stadester-Jiangling-China,112.4247,30.0418399,Jiangling,Jiangling
stadester-Jinan-China,117.12009,36.6518399,Jinan,Jinan
stadester-Jingdezhen-China,117.1783899,29.2686899,Jingdezhen,Jingdezhen
stadester-Jining-China,116.58724,35.4145899,Jining,Jining
stadester-Jiujiang-China,115.9541,29.6605799,Jiujiang,Jiujiang
stadester-Kaifeng-China,114.30731,34.7972599,Kaifeng,Kaifeng
stadester-Kashi-China,75.98975999999999,39.4704199,Kashi,Kashi
stadester-Kunming-China,102.83322,24.8796599,Kunming,Kunming
stadester-Lanzhou-China,103.83417,36.0613799,Lanzhou,Lanzhou
stadester-Lhasa-China,91.13775,29.6526199,Lhasa,Lhasa
stadester-Liaoyang-China,123.2373599,41.26808990000001,Liaoyang,Liaoyang
stadester-Luoyang-China,112.45402,34.6181299,Luoyang,Luoyang
stadester-Nanchang-China,115.8579399,28.6820199,Nanchang,Nanchang
stadester-Nanning-China,108.3669,22.8167299,Nanning,Nanning
stadester-Nanyang-China,112.52851,32.9907299,Nanyang,Nanyang
stadester-Ningbo-China,121.54399,29.868336,Ningbo,Ningbo
stadester-Nanjing-China,118.79647,32.0583799,Nanjing,Nanjing
stadester-Quanzhou-China,118.67583,24.8740499,Quanzhou,Quanzhou
stadester-Shache-China,77.24629,38.4143199,Yarkant,Yarkant
stadester-Shanghai-China,121.473701,31.230416,Shanghai,Shanghai
stadester-Shangqiu-China,115.65635,34.4142699,Shangqiu,Shangqiu
stadester-Shangrao-China,117.9435699,28.4546299,Shangrao,Shangrao
stadester-Shaoxing-China,120.586109,29.995762,Shaoxing,Shaoxing
stadester-Shenyang-China,123.432968,41.804778,Shenyang,Shenyang
stadester-Taiyuan-China,112.55067,37.8705899,Taiyuan,Taiyuan
stadester-Tianjin-China,117.19937,39.0850999,Tianjin,Tianjin
stadester-Tianshui-China,105.72486,34.5808499,Tianshui,Tianshui
stadester-Turpan-China,89.1895399,42.9512999,Turpan,Turpan
stadester-Wenzhou-China,120.69939,27.9949199,Wenzhou,Wenzhou
stadester-Wuhan-China,114.30525,30.5927599,Wuhan,Wuhan
stadester-Wuxi-China,120.31237,31.4909899,Wuxi,Wuxi
stadester-Wuzhou-China,111.27917,23.4769099,Wuzhou,Wuzhou
stadester-Xiaguan-China,100.22558,25.58244,Xiaguan,Xiaguan
stadester-Xiamen-China,118.0894799,24.4795099,Xiamen,Xiamen
stadester-Xi'an-China,108.9540936,34.2658138,Xi'an,Xi'an
stadester-Xiangfan-China,112.12255,32.0089999,Xiangyang,Xiangyang
stadester-Xiangtan-China,112.94411,27.8297499,Xiangtan,Xiangtan
stadester-Xuchang-China,113.85233,34.0356999,Xuchang,Xuchang
stadester-Xuzhou-China,117.28577,34.2043999,Xuzhou,Xuzhou
stadester-Yangzhou-China,119.41269,32.3935799,Yangzhou,Yangzhou
stadester-Yinchuan-China,106.23245,38.4862899,Yinchuan,Yinchuan
stadester-Yiyang-China,112.3551607,28.5539103,Yiyang,Yiyang
stadester-Yuncheng-China,111.00699,35.0262799,Yuncheng,Yuncheng
stadester-Zhangye-China,100.44981,38.9259199,Zhangye,Zhangye
stadester-Zhangzhou-China,117.64725,24.5134699,Zhangzhou,Zhangzhou
stadester-Zhengzhou-China,113.62493,34.7472499,Zhengzhou,Zhengzhou
stadester-Zhenjiang-China,119.425,32.1895899,Zhenjiang,Zhenjiang
stadester-Zhuhai-China,113.57666,22.2708599,Zhuhai,Zhuhai
stadester-Zibo-China,118.0548,36.8130999,Zibo,Zibo
stadester-Larnaca-Cyprus,33.63,34.92,Larnaca,Larnaca
stadester-Lefkosa-Cyprus,33.37,35.17,Nicosia,Nicosia
stadester-Limassol-Cyprus,33.0413055,34.6786322,Limassol,Limassol
stadester-Âgra-India,78.00807449999999,27.1766701,Agra,Agra
stadester-Ahmadâbâd-India,72.5713621,23.022505,Ahmedabad,Ahmedabad
stadester-Ahmadnagar-India,74.734655,19.0914655,Ahmednagar,Ahmednagar
stadester-Allahâbâd-India,81.85460189999999,25.468338,Allahabad,Allahabad
stadester-Aurangabad (MH)-India,75.3393195,19.875754,Aurangabad,Aurangabad
stadester-Bareilly-India,79.4304381,28.3670355,Bareilly,Bareilly
stadester-Bharatpur-India,77.5029996,27.2151863,Bharatpur,Bharatpur
stadester-Bharûch-India,72.9958748,21.7051358,Bharûch,Bharûch
stadester-Bhîmavaram-India,81.521241,16.544893,Bhîmavaram,Bhîmavaram
stadester-Bîdar-India,77.51990789999999,17.9103939,Bîdar,Bîdar
stadester-Bihâr-India,85.2722472,25.9644427,Bihâr,Bihâr
stadester-Bijâpur-India,75.710031,16.8301708,Bijapur,Bijapur
stadester-Bîkâner-India,73.3119159,28.0229348,Bikaner,Bikaner
stadester-Bîlâspur-India,82.1409152,22.0796545,Bîlâspur,Bîlâspur
stadester-Budaun-India,79.1271229,28.0311101,Budaun,Budaun
stadester-Burhânpur-India,76.2180095,21.3145021,Burhânpur,Burhânpur
stadester-Calcutta-India,88.3628734,22.5743545,Calcutta,Calcutta
stadester-Kannur (KER)-India,75.367882,11.8704703,Kannur,Kannur
stadester-Chandannagar-India,88.3674381,22.867114,Chandannagar,Chandannagar
stadester-Chandrapur-India,79.2961468,19.9615398,Chandrapur,Chandrapur
stadester-Chennai-India,80.2704622,13.0843007,Chennai,Chennai
stadester-Chittaurgarh-India,74.6229699,24.8829177,Chittaurgarh,Chittaurgarh
stadester-Cuttack-India,85.8829895,20.462521,Cuttack,Cuttack
stadester-Dabhoi-India,73.41378259999999,22.1330822,Dabhoi,Dabhoi
stadester-Dâhod-India,74.26061849999999,22.8344992,Dâhod,Dâhod
stadester-Delhi-India,77.23210417097403,28.656434011733342,Delhi,Dehli
stadester-Dhâr-India,75.3039628,22.5980549,Dhar,Dhar
stadester-Diu-India,70.98579029999999,20.7180924,Diu,Diu
stadester-Faizâbâd-India,82.1457934,26.7729751,Faizâbâd,Faizâbâd
stadester-Farrukhâbâd-India,79.5840195,27.3825853,Farrukhâbâd,Farrukhâbâd
stadester-Gulbarga-India,76.8342957,17.329731,Gulbarga,Gulbarga
stadester-Gwalior-India,78.1772053,26.2124007,Gwalior,Gwalior
stadester-Hyderâbâd-India,78.47724389999999,17.406498,Hyderabad,Hyderabad
stadester-Jaipur-India,75.7872709,26.9124336,Jaipur,Jaipur
stadester-Jalandhar-India,75.57618289999999,31.3260152,Jalandhar,Jalandhar
stadester-Jaunpur-India,82.68370329999999,25.7464145,Jaunpur,Jaunpur
stadester-Jodhpur-India,73.02430939999999,26.2389469,Jodhpur,Jodhpur
stadester-Kalyân-India,73.1305395,19.2403305,Kalyan,Kalyan
stadester-Kânchipuram-India,79.7041698,12.8371787,Kânchipuram,Kânchipuram
stadester-Kannauj-India,79.9136731,27.0514156,Kannauj,Kannauj
stadester-Khambhât-India,72.6189845,22.3180817,Khambhât,Khambhât
stadester-Kochi-India,76.26730409999999,9.9312328,Kochi,Kochi
stadester-Kolâr-India,78.12909859999999,13.1362143,Kolâr,Kolâr
stadester-Kolhâpur-India,74.2481772,16.706369,Kolhapur,Kolhapur
stadester-Kozhikode-India,75.78392099999999,11.2488425,Kozhikode,Kozhikode
stadester-Lucknow-India,80.94616599999999,26.8466937,Lucknow,Lucknow
stadester-Machilîpatnam-India,81.1302716,16.1808917,Machilîpatnam,Machilîpatnam
stadester-Madurai-India,78.1197754,9.9252007,Madurai,Madurai
stadester-Mahoba-India,79.8858951,25.2945119,Mahoba,Mahoba
stadester-Mandsaur-India,75.0679018,24.0734356,Mandsaur,Mandsaur
stadester-Mathura-India,77.673673,27.4924134,Mathura,Mathura
stadester-Mumbaî-India,72.8320729,18.9581934,Mumbaî,Mumbaî
stadester-Munger-India,86.47339029999999,25.3707993,Munger,Munger
stadester-Mysore-India,76.6393805,12.2958104,Mysore,Mysore
stadester-Nâgappattinam-India,79.8448512,10.7672313,Nâgappattinam,Nâgappattinam
stadester-Nâgpur-India,79.0881546,21.1458004,Nagpur,Nagpur
stadester-Navadwip-India,88.3658569,23.4036694,Navadwip,Navadwip
stadester-Pâtan-India,72.1210274,23.8500156,Patan,Patan
stadester-Patiâla-India,76.3868797,30.3397809,Patiâla,Patiâla
stadester-Patna-India,85.1375645,25.5940947,Patna,Patna
stadester-Pondicherry-India,79.8083133,11.9415915,Puducherry,Puducherry
stadester-Pune-India,73.8786239,18.5246091,Pune,Pune
stadester-Puri-India,85.8312359,19.8134554,Puri,Puri
stadester-Kollam-India,76.6141396,8.8932118,Kollam,Kollam
stadester-Râichûr-India,77.3552519,16.2047877,Râichûr,Râichûr
stadester-Râjahmundry-India,81.8040345,17.0005383,Râjahmundry,Râjahmundry
stadester-Râmpur-India,79.02202869999999,28.798299,Râmpur,Râmpur
stadester-Srînagar-India,74.7972825,34.0836708,Srinagar,Srinagar
stadester-Sûrat-India,72.83106070000001,21.1702401,Surat,Surat
stadester-Thâna-India,72.97716609999999,19.2122949,Thâna,Thâna
stadester-Thânesar-India,76.8192941,29.9698827,Thânesar,Thânesar
stadester-Thanjâvûr-India,79.1384288,10.787719,Thanjâvûr,Thanjâvûr
stadester-Tiruchchirâppalli-India,78.7046725,10.7904833,Tiruchirappalli,Tiruchirappalli
stadester-Trivandrum-India,76.9366376,8.5241391,Thiruvananthapuram,Thiruvananthapuram
stadester-Udaipur-India,73.712479,24.585445,Udaipur,Udaipur
stadester-Ujjain-India,75.7885163,23.1764665,Ujjain,Ujjain
stadester-Vadodara-India,73.2064994,22.3000395,Vadodara,Vadodara
stadester-Vârânasi-India,82.9739144,25.3176452,Varanasi,Varanasi
stadester-Vellore-India,79.1330768,12.9235541,Vellore,Vellore
stadester-Vijayawâda-India,80.6480153,16.5061743,Vijayawada,Vijayawada
stadester-Warangal-India,79.59263039999999,17.9692624,Warangal,Warangal
stadester-Banda-Aceh-Indonesia,95.3237559,5.5482904,Banda Aceh,Banda Aceh
stadester-Demak-Indonesia,110.6377502,-6.8921607,Demak,Demak
stadester-Gresik-Indonesia,112.6519882,-7.1652437,Gresik,Gresik
stadester-Jakarta-Indonesia,106.8229198,-6.1944491,Jakarta,Jakarta
stadester-Mojokerto-Indonesia,112.4401329,-7.4704747,Mojokerto,Mojokerto
stadester-Serang-Indonesia,106.1538519,-6.1169309,Serang,Serang
stadester-Surabaya-Indonesia,112.7520883,-7.2574719,Surabaya,Surabaya
stadester-Surakarta-Indonesia,110.8243272,-7.575488699999999,Surakarta,Surakarta
stadester-Yogyakarta-Indonesia,110.3647568,-7.801367200000001,Yogyakarta,Yogyakarta
stadester-Ardabîl-Iran,48.2976116,38.24317569999999,Ardabîl,Ardabîl
stadester-Bâkhtarân-Iran,47.0777685,34.3276924,Kermanshah,Kermanshah
stadester-Esfahân-Iran,51.66596560000001,32.6538966,Esfahân,Esfahân
stadester-Hamadân-Iran,48.5148102,34.7983275,Hamadân,Hamadân
stadester-Kermân-Iran,57.0833628,30.2839379,Kerman,Kerman
stadester-Mashhad-Iran,59.60669,36.2972006,Mashhad,Mashhad
stadester-Neyshâbûr-Iran,58.79427440000001,36.2131936,Neyshâbûr,Neyshâbûr
stadester-Qazvîn-Iran,50.0045669,36.2795045,Qazvîn,Qazvîn
stadester-Qom-Iran,50.8746035,34.6415764,Qom,Qom
stadester-Shîrâz-Iran,52.5835646,29.5926119,Shiraz,Shiraz
stadester-Shûsh-Iran,48.254283,32.1957948,Shush,Shush
stadester-Tabrîz-Iran,46.2886732,38.0791831,Tabrîz,Tabrîz
stadester-Tehrân-Iran,51.3346954,35.7218583,Tehrân,Tehrân
stadester-Yazd-Iran,54.3568562,31.8974232,Yazd,Yazd
stadester-Baghdád-Iraq,44.3660671,33.315241,Baghdad,Baghdad
stadester-Basra-Iraq,47.7737891,30.5259953,Basra,Basra
stadester-Falluja-Iraq,43.7812773,33.3443576,Fallujah,Fallujah
stadester-Kufa-Iraq,44.3709408,32.047243,Kufa,Kufa
stadester-Mosul-Iraq,43.157736,36.3489278,Mosul,Mosul
stadester-Babylon-Iraq,43.679291,33.223191,Babylon,Babylon
stadester-Samarra-Iraq,43.9055155,34.1660043,Samarra,Samarra
stadester-Akko-Israel,35.082678,32.933052,Acre,Acre
stadester-Yerushalayim-Israel,35.1887406,31.7570722,Jerusalem,Al-Quds
stadester-Zefat-Israel,35.502451,32.9646301,Safed,Safed
stadester-Zikhron Ya'aqov-Israel,34.9062798,32.5154686,Caesarea,Caesarea
stadester-Fukuoka-Japan,130.4016888,33.5901838,Fukuoka,Fukuoka
stadester-Hiroshima-Japan,132.4553055,34.3852894,Hiroshima,Hiroshima
stadester-Kagoshima-Japan,130.5571392,31.5968539,Kagoshima,Kagoshima
stadester-Kamakura-Japan,139.5466731,35.3192128,Kamakura,Kamakura
stadester-Kanazawa-Japan,136.6520376,36.5597341,Kanazawa,Kanazawa
stadester-Kashiwazaki-Japan,138.5590073,37.371918,Kashiwazaki,Kashiwazaki
stadester-Kôbe-Japan,135.1956311,34.6900806,Kôbe,Kôbe
stadester-Kyôto-Japan,135.7681489,35.011564,Kyôto,Kyôto
stadester-Nagasaki-Japan,129.8778888,32.7503334,Nagasaki,Nagasaki
stadester-Nagoya-Japan,136.9065571,35.18145060000001,Nagoya,Nagoya
stadester-Nara-Japan,135.8048019,34.685109,Nara,Nara
stadester-Okayama-Japan,133.9194179,34.656228,Okayama,Okayama
stadester-Ôsaka-Japan,135.5022535,34.6937249,Ôsaka,Ôsaka
stadester-Sendai-Japan,140.869418,38.268195,Sendai,Sendai
stadester-Shizuoka-Japan,138.3826773,34.9755668,Shizuoka,Shizuoka
stadester-Tokushima-Japan,134.5549537,34.0703652,Tokushima,Tokushima
stadester-Tôkyô-Japan,139.650027,35.6764225,Tôkyô,Tôkyô
stadester-Wakayama-Japan,135.1707405,34.2303678,Wakayama,Wakayama
stadester-Yamada-Japan,141.9490579,39.4676212,Yamada,Yamada
stadester-Yamaguchi-Japan,131.4738432,34.1782945,Yamaguchi,Yamaguchi
stadester-'Ammân-Jordan,35.9105776,31.9543786,Amman,Amman
stadester-Oral-Kazakhstan,51.37,51.23,Uralsk,Uralsk
stadester-Özgön-Kyrgyzstan,73.3030715,40.767421,Uzgen,Uzgen
stadester-Louang Phabang-Laos,102.1387166,19.883285,Luang Prabang,Luang Prabang
stadester-Saydâ-Lebanon,35.3732507,33.5571538,Saydâ,Saydâ
stadester-Sûr-Lebanon,35.2037641,33.2704888,Tyre,Tyre
stadester-Melaka-Malaysia,102.2500868,2.189594,Melaka,Melaka
stadester-Bago-Myanmar,96.46962839999999,17.3244341,Bago,Bago
stadester-Mawlamyine-Myanmar,97.64396110000001,16.4543173,Mawlamyine,Mawlamyine
stadester-Prome-Myanmar,95.2470647,18.8210007,Pyay,Pyay
stadester-Toungoo-Myanmar,96.4429564,18.9430299,Taungoo,Taungoo
stadester-Pâtan-Nepal,85.3247183,27.6587525,Pâtan,Pâtan
stadester-Kaesong-North Korea,126.5877948,37.9381943,Kaesong,Kaesong
stadester-P'yõngyang-North Korea,125.8197642,39.0737987,P'yõngyang,P'yõngyang
stadester-Lahore-Pakistan,74.35874729999999,31.5203696,Lahore,Lahore
stadester-Multân-Pakistan,71.4885808,30.1863557,Multan,Multan
stadester-Peshâwar-Pakistan,71.5188619,34.00833739999999,Peshawar,Peshawar
stadester-Siâlkot-Pakistan,74.5311505,32.4925479,Sialkot,Sialkot
stadester-Sukkur-Pakistan,68.8228082,27.7243563,Sukkur,Sukkur
stadester-Taxila-Pakistan,72.8397317,33.7462826,Taxila,Taxila
stadester-Arîhâ-Palestine,35.4626568,31.8606384,Jericho,Jericho
stadester-Nâbulus-Palestine,35.2621461,32.2226678,Nâbulus,Nâbulus
stadester-Manila-Philippines,120.984234,14.5995133,Manila,Manila
stadester-Hufûf-Saudi Arabia,49.5887652,25.380026,Hufûf,Hufûf
stadester-Madînah-Saudi Arabia,39.6024496,24.4672132,Medina,Medina
stadester-Makkah-Saudi Arabia,39.81733639999999,21.4240968,Mecca,Mecca
stadester-Kongju-South Korea,127.1250802,36.4566182,Kongju,Kongju
stadester-Kumsõng-South Korea,129.206998,35.8447433,Kyõngju,Kyõngju
stadester-Sõul-South Korea,126.9970831,37.550263,Sõul,Sõul
stadester-Anuradhapura-Sri Lanka,80.4036508,8.311351799999999,Anuradhapura,Anuradhapura
stadester-Polonaruwa-Sri Lanka,81.0001183,7.914703,Polonnaruwa,Polonnaruwa
stadester-Al Kurdaha-Syria,38.996815,34.80207499999999,Tudmuriyah,Tudmuriyah
stadester-Dimashq-Syria,36.2768193,33.5132192,Damascus,Dimashq
stadester-Halab-Syria,37.1342603,36.2021047,Aleppo,Halab
stadester-Hamâh-Syria,36.7553365,35.140802,Hamâh,Hamâh
stadester-Qatanâ-Syria,36.0874307,33.4334924,Qatna,Qatna
stadester-T'ainan-Taiwan,120.2268758,22.9998999,Tainan,Tainan
stadester-T'aipei-Taiwan,121.5654177,25.0329694,Taipei,Taipei
stadester-Ayutthaya-Thailand,100.5876634,14.3692325,Ayutthaya,Ayutthaya
stadester-Chiang Mai-Thailand,98.98530079999999,18.7883439,Chiang Mai,Chiang Mai
stadester-Lamphun-Thailand,99.43393429999999,8.827532399999999,Lamphun,Lamphun
stadester-Sukhothai-Thailand,99.8264435,17.0076429,Sukhotai,Sukhotai
stadester-Amasya-Turkey,35.837347,40.656455,Amasya,Amasya
stadester-Ankara-Turkey,32.8597419,39.9333635,Ankara,Ankara
stadester-Bergama-Turkey,27.179913,39.121449,Pergamon,Pergamon
stadester-Bursa-Turkey,29.0609636,40.1885281,Bursa,Bursa
stadester-Çorlu-Turkey,27.8,41.15,Corlu,Corlu
stadester-Diyarbakir-Turkey,40.2109826,37.9249733,Diyarbakir,Diyarbakir
stadester-Edirne-Turkey,26.5557145,41.67712969999999,Edirne,Edirne
stadester-Erzurum-Turkey,41.2658236,39.9054993,Erzurum,Erzurum
stadester-Gelibolu-Turkey,26.669997,40.4139849,Gelibolu,Gelibolu
stadester-Hatay-Turkey,36.1618938,36.2042794,Antakya,Antakya
stadester-Istanbul-Turkey,28.9783589,41.0082376,Istanbul,İstanbul
stadester-Izmir-Turkey,27.142826,38.423734,Izmir,İzmir
stadester-Izmit-Turkey,29.9408089,40.7654408,Izmit,Izmit
stadester-Karaman-Turkey,33.22224300000001,37.181009,Karaman,Karaman
stadester-Kayseri-Turkey,35.48259700000001,38.720489,Kayseri,Kayseri
stadester-Konya-Turkey,32.4931554,37.8746429,Konya,Konya
stadester-Malatya-Turkey,38.33352470000001,38.3553627,Malatya,Malatya
stadester-Nusaybin-Turkey,41.213810783442135,37.069406236304424,Nusaybin,Nusaybin
stadester-Sanliurfa-Turkey,38.7955149,37.1674039,Sanliurfa,Sanliurfa
stadester-Sivas-Turkey,37.0150217,39.750545,Sivas,Sivas
stadester-Tarsus-Turkey,34.8952102,36.9165612,Tarsus,Tarsus
stadester-Tekirdag-Turkey,27.511674,40.9780919,Tekirdag,Tekirdag
stadester-Trabzon-Turkey,39.7167633,41.0026969,Trabzon,Trabzon
stadester-Van-Turkey,43.3729793,38.5012085,Van,Van
stadester-Mary-Turkmenistan,62.17471860000001,37.664426,Merv,Merv
stadester-Buchoro-Uzbekistan,64.423056,39.766667,Buchoro,Buchoro
stadester-Samarqand-Uzbekistan,66.9653502,39.6507963,Samarkand,Samarkand
stadester-Ha nôi-Vietnam,105.8341598,21.0277644,Hanoi,Hanoi
stadester-Qui Nho'n-Vietnam,109.2196634,13.7829673,Qui Nho'n,Qui Nho'n
stadester-Ma'rib-Yemen,45.4498065,15.515888,Ma'rib,Ma'rib
stadester-Sanaa-Yemen,44.2064003,15.3545381,Sanaa,Sanaa
stadester-Berat-Albania,19.95,40.7,Berat,Berat
stadester-Durrës-Albania,19.47,41.3,Durres,Durres
stadester-Elbasan-Albania,20.0822631,41.1113835,Elbasan,Elbasan
stadester-Gjirokastër-Albania,20.17,40.08,Djirokaster,Djirokaster
stadester-Korçë-Albania,20.73,40.63,Korca,Korca
stadester-Krujë-Albania,19.7883971,41.5147206,Krujë,Krujë
stadester-Peqin-Albania,19.75,41.05,Peqin,Peqin
stadester-Përmet-Albania,20.35,40.23,Permet,Permet
stadester-Shkodër-Albania,19.5,42.08,Shkoder,Shkoder
stadester-Tiranë-Albania,19.8186982,41.3275459,Tirana,Tirana
stadester-Vlorë-Albania,19.48,40.48,Vlora,Vlora
stadester-Andorra la Vella-Andorra,1.5218355,42.50631740000001,Andorra la Vella,Andorra la Vella
stadester-Erevan-Armenia,44.515209,40.1872023,Erevan,Erevan
stadester-Bad Ischl-Austria,13.6209459,47.71238049999999,Bad Ischl,Bad Ischl
stadester-Dornbirn-Austria,9.743789999999999,47.4124,Dornbirn,Dornbirn
stadester-Eisenstadt-Austria,16.5252498,47.8404525,Eisenstadt,Eisenstadt
stadester-Gmunden-Austria,13.79933,47.91839,Gmunden,Gmunden
stadester-Graz-Austria,15.4417305,47.0678961,Graz,Graz
stadester-Innsbruck-Austria,11.3910349,47.2675322,Innsbruck,Innsbruck
stadester-Klagenfurt-Austria,14.3137371,46.625704,Klagenfurt,Klagenfurt
stadester-Krems an der Donau-Austria,15.6070948,48.4112282,Krems an der Donau,Krems an der Donau
stadester-Linz-Austria,14.285918,48.3069096,Linz,Linz
stadester-Neunkirchen-Austria,16.08,47.73,Neunkirchen,Neunkirchen
stadester-Salzburg-Austria,13.0448441,47.8014154,Salzburg,Salzburg
stadester-Schwaz-Austria,11.707714360357738,47.34828498887653,Schwaz,Schwaz
stadester-Steyr-Austria,14.4195581,48.04988890000001,Steyr,Steyr
stadester-Wels-Austria,14.0388714,48.1664268,Wels,Wels
stadester-Wien-Austria,16.3713095,48.20806959999999,Wien,Wien
stadester-Wiener Neustadt-Austria,16.2455634,47.8129867,Wiener Neustadt,Wiener Neustadt
stadester-Naxcivan-Azerbaijan,45.4,39.2,Nahicevan,Nahicevan
stadester-Samaxi-Azerbaijan,48.6363801,40.63187310000001,Samaxi,Samaxi
stadester-Babrujsk-Belarus,29.2355135,53.1450386,Babrujsk,Babrujsk
stadester-Barysau-Belarus,28.5,54.23,Borisov,Borisov
stadester-Brest-Belarus,23.7636662,52.0996507,Brest,Brest
stadester-Bychau-Belarus,30.2402858,53.5179514,Bychau,Bychau
stadester-Homjel'-Belarus,30.99367,52.4313388,Homjel',Homjel'
stadester-Hrodna-Belarus,23.82,53.67,Grodno,Grodno
stadester-Lida-Belarus,25.3028153,53.8904386,Lida,Lida
stadester-Mahilëu-Belarus,30.3325337,53.8980663,Mahilëu,Mahilëu
stadester-Mazyr-Belarus,29.23,52.05,Mazyr,Mazyr
stadester-Miensk-Belarus,27.57,53.9,Minsk,Minsk
stadester-Mstislaw-Belarus,31.7220403,54.0206321,Mstislaw,Mstislaw
stadester-Pinsk-Belarus,26.1016778,52.1181686,Pinsk,Pinsk
stadester-Polack-Belarus,28.7781625,55.4845795,Polack,Polack
stadester-Slonim-Belarus,25.318913,53.0920949,Slonim,Slonim
stadester-Vicebsk-Belarus,30.206359,55.1926809,Vicebsk,Vicebsk
stadester-Aalst-Belgium,4.0502929,50.9460841,Aalst,Aalst
stadester-Antwerpen-Belgium,4.414990299999999,51.2199302,Antwerp,Antwerp
stadester-Arlon-Belgium,5.82,49.68,Arlon,Arlon
stadester-Ath-Belgium,3.772344,50.6342274,Ath,Ath
stadester-Beveren-Belgium,4.25,51.22,Beveren,Beveren
stadester-Binche-Belgium,4.17,50.4,Binche,Binche
stadester-Brugge-Belgium,3.2250586,51.20845079999999,Brugge,Brugge
stadester-Brussel-Belgium,4.3524369002235765,50.84648832499982,Brussels,Brussels
stadester-Charleroi-Belgium,4.4476076,50.408128,Charleroi,Charleroi
stadester-Deinze-Belgium,3.5309141,50.9791518,Deinze,Deinze
stadester-Dendermonde-Belgium,4.12,51.03,Dendermonde,Dendermonde
stadester-Diest-Belgium,5.05,50.98,Diest,Diest
stadester-Dinant-Belgium,4.92,50.27,Dinant,Dinant
stadester-Dour-Belgium,3.7794227,50.3972659,Dour,Dour
stadester-Eeklo-Belgium,3.5641894,51.1852279,Eeklo,Eeklo
stadester-Enghien-Belgium,4.03,50.7,Enghien,Enghien
stadester-Eupen-Belgium,6.03,50.63,Eupen,Eupen
stadester-Evergem-Belgium,3.7,51.12,Evergem,Evergem
stadester-Gent-Belgium,3.7303853,51.0499922,Gent,Gent
stadester-Geraardsbergen-Belgium,3.87,50.77,Geraardsbergen,Geraardsbergen
stadester-Halle-Belgium,4.2296554,50.7340969,Halle,Halle
stadester-Hamme-Belgium,4.13,51.1,Hamme,Hamme
stadester-Hasselt-Belgium,5.3324297,50.9304628,Hasselt,Hasselt
stadester-Huy-Belgium,5.23,50.52,Huy,Huy
stadester-Ieper-Belgium,2.8712378,50.8576861,Ypres,Ypres
stadester-Izegem-Belgium,3.2,50.92,Izegem,Izegem
stadester-Kortrijk-Belgium,3.2603645,50.8270689,Kortrijk,Kortrijk
stadester-Leuven-Belgium,4.7,50.88,Leuven,Leuven
stadester-Liège-Belgium,5.5689372,50.6402286,Liege,Liege
stadester-Lier-Belgium,4.57,51.13,Lier,Lier
stadester-Lokeren-Belgium,3.994066,51.10234,Lokeren,Lokeren
stadester-Malmédy-Belgium,6.03,50.42,Malmedy,Malmedy
stadester-Mechelen-Belgium,4.4793443,51.0279827,Mechelen,Mechelen
stadester-Menen-Belgium,3.126679,50.79683439999999,Menen,Menen
stadester-Meulebeke-Belgium,3.2901275,50.94865129999999,Meulebeke,Meulebeke
stadester-Mons-Belgium,3.9612155,50.4538181,Mons,Mons
stadester-Namur-Belgium,4.864973099999999,50.46493340000001,Namur,Namur
stadester-Nieuwpoort-Belgium,2.7480108,51.1284445,Nieuwpoort,Nieuwpoort
stadester-Oostende-Belgium,2.9092214,51.22471849999999,Oostende,Oostende
stadester-Oudenaarde-Belgium,3.6,50.85,Oudenaarde,Oudenaarde
stadester-Péruwelz-Belgium,3.5905464,50.5072245,Péruwelz,Péruwelz
stadester-Poperinge-Belgium,2.72,50.85,Poperinge,Poperinge
stadester-Roeselare-Belgium,3.13,50.95,Roeselare,Roeselare
stadester-Ronse-Belgium,3.6039574,50.7498634,Ronse,Ronse
stadester-Schaarbeek-Belgium,4.37,50.87,Schaarbeek,Schaarbeek
stadester-Seneffe-Belgium,4.33,50.6,Nivelles,Nivelles
stadester-Sint-Niklaas-Belgium,4.13,51.17,St-Niklaas,St-Niklaas
stadester-Sint-Truiden-Belgium,5.1816874,50.8186764,Sint-Truiden,Sint-Truiden
stadester-Soignies-Belgium,4.07,50.58,Soignies,Soignies
stadester-Temse-Belgium,4.22,51.13,Temse,Temse
stadester-Tielt-Belgium,3.32,51,Tielt,Tielt
stadester-Tienen-Belgium,4.9370128,50.8097182,Tienen,Tienen
stadester-Tongeren-Belgium,5.4607492,50.78220719999999,Tongeren,Tongeren
stadester-Torhout-Belgium,3.1,51.07,Torhout,Torhout
stadester-Tournai-Belgium,3.379139,50.6127324,Tournai,Tournai
stadester-Turnhout-Belgium,4.95,51.32,Turnhout,Turnhout
stadester-Verviers-Belgium,5.867308599999999,50.5912077,Verviers,Verviers
stadester-Veurne-Belgium,2.6625315,51.0726963,Veurne,Veurne
stadester-Waregem-Belgium,3.42,50.88,Waregem,Waregem
stadester-Wavre-Belgium,4.62,50.72,Wavre,Wavre
stadester-Wetteren-Belgium,3.88,51,Wetteren,Wetteren
stadester-Wingene-Belgium,3.27,51.07,Wingene,Wingene
stadester-Zele-Belgium,4.03,51.07,Zele,Zele
stadester-Banja Luka-Bosnia and Herzegovina,17.18,44.77,Banja Luka,Banja Luka
stadester-Sarajevo-Bosnia and Herzegovina,18.4130763,43.8562586,Sarajevo,Sarajevo
stadester-Burgas-Bulgaria,27.4626361,42.50479259999999,Burgas,Burgas
stadester-Kaspican-Bulgaria,27.1255402,43.3625303,Pliska,Pliska
stadester-Lovec-Bulgaria,24.7141906,43.1369534,Lovec,Lovec
stadester-Nikopol-Bulgaria,24.8946628,43.700859,Nikopol,Nikopol
stadester-Omurtag-Bulgaria,26.417685,43.1082798,Omurtag,Omurtag
stadester-Pazard`'zik-Bulgaria,24.3335662,42.1927654,Pazard`'zik,Pazard`'zik
stadester-Pleven-Bulgaria,24.6066847,43.4170423,Pleven,Pleven
stadester-Plovdiv-Bulgaria,24.7452904,42.1354079,Plovdiv,Plovdiv
stadester-Preslav-Bulgaria,26.8179675,43.1645409,Preslav,Preslav
stadester-Razgrad-Bulgaria,26.5411164,43.53367189999999,Razgrad,Razgrad
stadester-Ruse-Bulgaria,25.9656554,43.83557130000001,Ruse,Ruse
stadester-Sevlievo-Bulgaria,25.1037461,43.0267189,Sevlievo,Sevlievo
stadester-Silistra-Bulgaria,27.2671901,44.1147271,Silistra,Silistra
stadester-Sliven-Bulgaria,26.3228685,42.6816536,Sliven,Sliven
stadester-Sofija-Bulgaria,23.32,42.68,Sofia,Sofia
stadester-Stara Zagora-Bulgaria,25.6344644,42.4257769,Stara Zagora,Stara Zagora
stadester-`'Sumen-Bulgaria,26.9361286,43.2712398,`'Sumen,`'Sumen
stadester-Svistov-Bulgaria,25.33,43.62,Svistov,Svistov
stadester-Tutrakan-Bulgaria,26.61951,44.0386035,Tutrakan,Tutrakan
stadester-Varna-Bulgaria,27.9147333,43.2140504,Varna,Varna
stadester-Veliko Târnovo-Bulgaria,25.6171514,43.0756739,Veliko Târnovo,Veliko Târnovo
stadester-Vidin-Bulgaria,22.8679302,43.996159,Vidin,Vidin
stadester-Dubrovnik (town)-Croatia,18.0944238,42.65066059999999,Dubrovnik,Dubrovnik
stadester-Osijek (town)-Croatia,18.6955144,45.5549624,Osijek,Osijek
stadester-Rijeka (town)-Croatia,14.442176,45.3270631,Rijeka,Rijeka
stadester-Rovinj (town)-Croatia,13.6387067,45.0811661,Rovinj,Rovinj
stadester-Split (town)-Croatia,16.4435148,43.5147118,Split,Split
stadester-Vara`'zdin (town)-Croatia,16.3366066,46.305746,Vara`'zdin,Vara`'zdin
stadester-Zadar (town)-Croatia,15.2313648,44.119371,Zadar,Zadar
stadester-Zagreb (town)-Croatia,15.981919,45.8150108,Zagreb,Zagreb
stadester-Brno-Czech Republic,16.6068371,49.1950602,Brno,Brno
stadester-Ceské Budejovice-Czech Republic,14.480255,48.9756578,Ceské Budejovice,Ceské Budejovice
stadester-Cesky Tesín-Czech Republic,18.6354709,49.7497638,Cieszyn,Cieszyn
stadester-Cheb-Czech Republic,12.3698636,50.0795334,Cheb,Cheb
stadester-Jihlava-Czech Republic,15.5870415,49.3983782,Jihlava,Jihlava
stadester-Kolín-Czech Republic,15.2027277,50.02732899999999,Kolín,Kolín
stadester-Kutná Hora-Czech Republic,15.2686536,49.95243139999999,Kutná Hora,Kutná Hora
stadester-Liberec-Czech Republic,15.0543387,50.76627999999999,Liberec,Liberec
stadester-Litomerice-Czech Republic,14.1305458,50.5384197,Litomerice,Litomerice
stadester-Mariánské Lázne-Czech Republic,12.7011977,49.9645986,Mariánské Lázne,Mariánské Lázne
stadester-Mikulov-Czech Republic,16.6376881,48.805283,Mikulov,Mikulov
stadester-Olomouc-Czech Republic,17.2508787,49.593778,Olomuc,Olomuc
stadester-Opava-Czech Republic,17.9024178,49.9390986,Opava,Opava
stadester-Ostrava-Czech Republic,18.2625243,49.8209226,Ostrava,Ostrava
stadester-Plzen-Czech Republic,13.3736371,49.7384314,Plzen,Plzen
stadester-Praha-Czech Republic,14.4378005,50.0755381,Prague,Praha
stadester-Prostejov-Czech Republic,17.1067513,49.4724489,Prostejov,Prostejov
stadester-`Sternberk-Czech Republic,17.2988947,49.7304416,`Sternberk,`Sternberk
stadester-Ústí nad Labem-Czech Republic,14.0531456,50.6611164,Usti Nad Labem,Usti Nad Labem
stadester-Znojmo-Czech Republic,16.0542676,48.8559107,Znojmo,Znojmo
stadester-Ålborg-Denmark,9.921747,57.0488195,Ålborg,Ålborg
stadester-Århus-Denmark,10.203921,56.162939,Århus,Århus
stadester-Helsingør-Denmark,12.592127,56.030787,Helsingør,Helsingør
stadester-Odense-Denmark,10.40237,55.40375599999999,Odense,Odense
stadester-Randers-Denmark,10.036525334777695,56.46016743437311,Randers,Randers
stadester-Ribe-Denmark,8.774665,55.326936,Ribe,Ribe
stadester-Roskilde-Denmark,12.087405108525893,55.641789078498,Roskilde,Roskilde
stadester-Svendborg-Denmark,10.607282,55.067434,Svendborg,Svendborg
stadester-Viborg-Denmark,9.396347,56.45202699999999,Viborg,Viborg
stadester-Narva-Estonia,28.179075,59.3796931,Narva,Narva
stadester-Pärnu-Estonia,24.4952895,58.3916898,Pärnu,Pärnu
stadester-Tallinn-Estonia,24.7535746,59.43696079999999,Tallinn,Tallinn
stadester-Tartu-Estonia,26.7290383,58.37798299999999,Tartu,Tartu
stadester-Espoo-Finland,24.65,60.2,Espoo,Espoo
stadester-Hämeenlinna-Finland,24.4590243,60.9928787,Hämeenlinna,Hämeenlinna
stadester-Helsinki-Finland,24.938379,60.16985569999999,Helsinki,Helsinki
stadester-Jyväskylä-Finland,25.73,62.23,Jyvaskyla,Jyvaskyla
stadester-Lahti-Finland,25.65,60.98,Lahti,Lahti
stadester-Oulu-Finland,25.4650773,65.0120888,Oulu,Oulu
stadester-Pori-Finland,21.7974178,61.4851393,Pori,Pori
stadester-Turku-Finland,22.2485771,60.45175039999999,Turku,Turku
stadester-Vaasa-Finland,21.6163866,63.09503309999999,Vaasa,Vaasa
stadester-Vantaa-Finland,25.0377686,60.29335239999999,Vantaa,Vantaa
stadester-Abbeville-France,1.836833,50.105467,Abbeville,Abbeville
stadester-Agde-France,3.47,43.32,Agde,Agde
stadester-Agen-France,0.6247477,44.2032365,Agen,Agen
stadester-Aix-en-Provence-France,5.4509692,43.5323032,Aix-en-Provence,Aix-en-Provence
stadester-Ajaccio-France,8.738635,41.919229,Ajaccio,Ajaccio
stadester-Albi-France,2.1486789,43.9248689,Albi,Albi
stadester-Alençon-France,0.089822,48.4311866,Alençon,Alençon
stadester-Alès-France,4.083352,44.127204,Alès,Alès
stadester-Amiens-France,2.295753,49.894067,Amiens,Amiens
stadester-Angers-France,-0.5518257,47.47116159999999,Angers,Angers
stadester-Angoulême-France,0.1567288,45.6488766,Angoulême,Angoulême
stadester-Annecy-France,6.1259117,45.9058956,Annecy,Annecy
stadester-Annonay-France,4.667349,45.239403,Annonay,Annonay
stadester-Antibes-France,7.1,43.58,Antibes,Antibes
stadester-Argentan-France,-0.0181331,48.74339819999999,Argentan,Argentan
stadester-Argenteuil-France,2.2466847,48.9472096,Argenteuil,Argenteuil
stadester-Arles-France,4.6277769,43.676647,Arles,Arles
stadester-Armentières-France,2.884218,50.691652,Armentières,Armentières
stadester-Arras-France,2.777535,50.291002,Arras,Arras
stadester-Aubagne-France,5.57,43.28,Aubagne,Aubagne
stadester-Auch-France,0.5917408,43.646577,Auch,Auch
stadester-Aurillac-France,2.4482505,44.9332083,Aurillac,Aurillac
stadester-Autun-France,4.2994059,46.9497545,Autun,Autun
stadester-Auxerre-France,3.573781,47.798202,Auxerre,Auxerre
stadester-Avignon-France,4.8059401,43.9486986,Avignon,Avignon
stadester-Bailleul-France,2.73559,50.736482,Bailleul,Bailleul
stadester-Bar-le-Duc-France,5.1599327,48.7748253,Bar-le-Duc,Bar-le-Duc
stadester-Bastia-France,9.450880999999999,42.697283,Bastia,Bastia
stadester-Bayeux-France,-0.70314,49.27643699999999,Bayeux,Bayeux
stadester-Bayonne-France,-1.4757394,43.4933798,Bayonne,Bayonne
stadester-Beaucaire-France,4.644269,43.807235,Beaucaire,Beaucaire
stadester-Beaune-France,4.8333716,47.0219227,Beaune,Beaune
stadester-Beauvais-France,2.0807123,49.42953869999999,Beauvais,Beauvais
stadester-Belfort-France,6.863849,47.63967400000001,Belfort,Belfort
stadester-Bergerac-France,0.4818831,44.852877,Bergerac,Bergerac
stadester-Besançon-France,6.024053899999999,47.237829,Besançon,Besançon
stadester-Béthune-France,2.63926,50.531036,Béthune,Béthune
stadester-Béziers-France,3.215795,43.344233,Béziers,Béziers
stadester-Blois-France,1.3351561,47.5866694,Blois,Blois
stadester-Bordeaux-France,-0.5810938000000001,44.8416106,Bordeaux,Bordeaux
stadester-Boulogne-sur-Mer-France,1.613334,50.725231,Boulogne-sur-Mer,Boulogne-sur-Mer
stadester-Bourg-en-Bresse-France,5.2255007,46.20516749999999,Bourg-en-Bresse,Bourg-en-Bresse
stadester-Bourges-France,2.3979615,47.0812405,Bourges,Bourges
stadester-Brest-France,-4.4855959,48.3899275,Brest,Brest
stadester-Brive-la-Gaillarde-France,1.5267596,45.16229269999999,Brive-la-Gaillarde,Brive-la-Gaillarde
stadester-Caen-France,-0.3708324,49.1820662,Caen,Caen
stadester-Cahors-France,1.441989,44.4475229,Cahors,Cahors
stadester-Calais-France,1.8612592,50.9516038,Calais,Calais
stadester-Cambrai-France,3.236633,50.173538,Cambrai,Cambrai
stadester-Cannes-France,7.0170217,43.5539499,Cannes,Cannes
stadester-Carcassonne-France,2.3538776,43.2163338,Carcassonne,Carcassonne
stadester-Carpentras-France,5.048722,44.0555639,Carpentras,Carpentras
stadester-Castres-France,2.2419407,43.6075999,Castres,Castres
stadester-Cavaillon-France,5.0407814,43.8366045,Cavaillon,Cavaillon
stadester-Châlons-en-Champagne-France,4.363073,48.956682,Châlons-en-Champagne,Châlons-en-Champagne
stadester-Chalon-sur-Saône-France,4.8541306,46.7810442,Chalon-sur-Saône,Chalon-sur-Saône
stadester-Chambéry-France,5.917781,45.564601,Chambéry,Chambéry
stadester-Charleville-Mézières-France,4.726096,49.76208500000001,Charleville-Mézières,Charleville-Mézières
stadester-Chartres-France,1.489012,48.44385399999999,Chartres,Chartres
stadester-Châteaudun-France,1.327696,48.070369,Châteaudun,Châteaudun
stadester-Châteauroux-France,1.686779,46.811434,Châteauroux,Châteauroux
stadester-Châtellerault-France,0.5450697999999999,46.8147525,Châtellerault,Châtellerault
stadester-Chaumont-France,5.1392559,48.113748,Chaumont,Chaumont
stadester-Cherbourg-France,-1.622224,49.6338979,Cherbourg,Cherbourg
stadester-Cholet-France,-0.8801125999999999,47.0597412,Cholet,Cholet
stadester-Ciotat, La --France,5.605155,43.17365299999999,"Ciotat, La -","Ciotat, La -"
stadester-Clermont-Ferrand-France,3.0794951,45.793516,Clermont-Ferrand,Clermont-Ferrand
stadester-Colmar-France,7.354605200000001,48.08031829999999,Colmar,Colmar
stadester-Comines-France,3.02,50.77,Comines,Comines
stadester-Compiègne-France,2.826145,49.41781599999999,Compiègne,Compiègne
stadester-Condé-sur-l'Escaut-France,3.593407,50.448651,Condé-sur-l'Escaut,Condé-sur-l'Escaut
stadester-Cosne-Course-sur-Loire-France,2.9248042,47.3962475,Cosne-Course-sur-Loire,Cosne-Course-sur-Loire
stadester-Coudekerque-Branche-France,2.397046,51.015681,Coudekerque-Branche,Coudekerque-Branche
stadester-Coulommiers-France,3.083497,48.813071,Coulommiers,Coulommiers
stadester-Dax-France,-1.051945,43.708608,Dax,Dax
stadester-Dieppe-France,1.0878759,49.92751089999999,Dieppe,Dieppe
stadester-Digne-les-Bains-France,6.2315062,44.09108,Digne-les-Bains,Digne-les-Bains
stadester-Dijon-France,5.0480484,47.3301336,Dijon,Dijon
stadester-Dinan-France,-2.047327,48.454366,Dinan,Dinan
stadester-Dole-France,5.49081,47.09534,Dole,Dole
stadester-Douai-France,3.080602,50.367874,Douai,Douai
stadester-Draguignan-France,6.464993,43.5377269,Draguignan,Draguignan
stadester-Dreux-France,1.3685054,48.7348418,Dreux,Dreux
stadester-Dunkerque-France,2.3767763,51.0343684,Dunkerque,Dunkerque
stadester-Elbeuf-France,1.00691,49.292163,Elbeuf,Elbeuf
stadester-Épernay-France,3.956242,49.043411,Épernay,Épernay
stadester-Épinal-France,6.449403,48.172402,Épinal,Épinal
stadester-Étampes-France,2.16142,48.43441600000001,Étampes,Étampes
stadester-Eu-France,1.419597,50.04887,Eu,Eu
stadester-Évreux-France,1.151361,49.0270129,Évreux,Évreux
stadester-Fécamp-France,0.380774,49.755601,Fécamp,Fécamp
stadester-Fontainebleau-France,2.70162,48.40467599999999,Fontainebleau,Fontainebleau
stadester-Fontenay-le-Comte-France,-0.8083564000000001,46.466874,Fontenay-le-Comte,Fontenay-le-Comte
stadester-Fougères-France,-1.1962231,48.35043659999999,Fougères,Fougères
stadester-Gap-France,6.079758,44.559638,Gap,Gap
stadester-Gentilly-France,2.35,48.82,Gentilly,Gentilly
stadester-Givors-France,4.771702599999999,45.5864385,Givors,Givors
stadester-Granville-France,-1.597302,48.837579,Granville,Granville
stadester-Grasse-France,6.92,43.67,Grasse,Grasse
stadester-Grenoble-France,5.724524,45.188529,Grenoble,Grenoble
stadester-Guingamp-France,-3.148352,48.561366,Guingamp,Guingamp
stadester-Haguenau-France,7.791250000000001,48.813288,Haguenau,Haguenau
stadester-Havre, Le --France,0.1011193,49.4953112,"Havre, Le -","Havre, Le -"
stadester-Hazebrouck-France,2.542555,50.72748,Hazebrouck,Hazebrouck
stadester-Hyères-France,6.1285466,43.1198436,Hyères,Hyères
stadester-Issoire-France,3.248128,45.54151,Issoire,Issoire
stadester-Issoudun-France,1.988654,46.94753499999999,Issoudun,Issoudun
stadester-Langres-France,5.334297,47.86683,Langres,Langres
stadester-Laon-France,3.61989,49.564133,Laon,Laon
stadester-Laval-France,-0.7670205999999999,48.0783712,Laval,Laval
stadester-Lens-France,2.83183,50.42893000000001,Lens,Lens
stadester-Libourne-France,-0.2442292,44.9147896,Libourne,Libourne
stadester-Lille-France,3.0678588,50.624378,Lille,Lille
stadester-Limoges-France,1.261105,45.83361900000001,Limoges,Limoges
stadester-Lisieux-France,0.2294909,49.1465057,Lisieux,Lisieux
stadester-Lons-le-Saunier-France,5.550796,46.671361,Lons-le-Saunier,Lons-le-Saunier
stadester-Lorient-France,-3.3702449,47.7482524,Lorient,Lorient
stadester-Lourdes-France,-0.045726,43.091463,Lourdes,Lourdes
stadester-Louviers-France,1.1686123,49.2152477,Louviers,Louviers
stadester-Lunel-France,4.135365999999999,43.67445,Lunel,Lunel
stadester-Lunéville-France,6.492338999999999,48.592237,Lunéville,Lunéville
stadester-Lyon-France,4.835659,45.764043,Lyon,Lyon
stadester-Mâcon-France,4.8293535,46.3079587,Mâcon,Mâcon
stadester-Manosque-France,5.790916,43.835744,Manosque,Manosque
stadester-Marmande-France,0.1589874,44.5013663,Marmande,Marmande
stadester-Marseille-France,5.369074299999999,43.3025742,Marseille,Marseille
stadester-Martigues-France,5.053728,43.404811,Martigues,Martigues
stadester-Maubeuge-France,3.9674,50.280228,Maubeuge,Maubeuge
stadester-Mayenne-France,-0.62,48.3,Mayenne,Mayenne
stadester-Meaux-France,2.8884657,48.9562018,Meaux,Meaux
stadester-Melun-France,2.6602811,48.5414916,Melun,Melun
stadester-Mende-France,3.5014879,44.5179297,Mende,Mende
stadester-Metz-France,6.1760223,49.11786009999999,Metz,Metz
stadester-Meudon-France,2.23847,48.812995,Meudon,Meudon
stadester-Millau-France,3.077801,44.100575,Millau,Millau
stadester-Montargis-France,2.7291871,47.9990631,Montargis,Montargis
stadester-Montauban-France,1.3529599,44.0221252,Montauban,Montauban
stadester-Montbéliard-France,6.798466,47.510356,Montbéliard,Montbéliard
stadester-Montbrison-France,4.05,45.6,Montbrison,Montbrison
stadester-Mont-de-Marsan-France,-0.4997819999999999,43.893485,Mont-de-Marsan,Mont-de-Marsan
stadester-Montélimar-France,4.75,44.558,Montelimar,Montelimar
stadester-Montmorency-France,2.3247298,48.9931717,Montmorency,Montmorency
stadester-Montpellier-France,3.8761323,43.6108535,Montpellier,Montpellier
stadester-Montreuil-sous-Bois-France,2.45,48.87,Montreuil,Montreuil
stadester-Morlaix-France,-3.828228,48.577613,Morlaix,Morlaix
stadester-Moulins-France,3.334417,46.568059,Moulins,Moulins
stadester-Mulhouse-France,7.335888,47.750839,Mulhouse,Mulhouse
stadester-Nancy-France,6.184417,48.692054,Nancy,Nancy
stadester-Nantes-France,-1.553621,47.218371,Nantes,Nantes
stadester-Narbonne-France,3.003078,43.184277,Narbonne,Narbonne
stadester-Nevers-France,3.162845,46.99089600000001,Nevers,Nevers
stadester-Nice-France,7.261953200000001,43.7101728,Nice,Nice
stadester-Nîmes-France,4.359999699999999,43.8338727,Nîmes,Nîmes
stadester-Niort-France,-0.4673997,46.3230985,Niort,Niort
stadester-Noyon-France,3.0007229,49.58016600000001,Noyon,Noyon
stadester-Oloron-Sainte-Marie-France,-0.6052919999999999,43.194413,Oloron-Sainte-Marie,Oloron-Sainte-Marie
stadester-Orange-France,4.807511,44.1380989,Orange,Orange
stadester-Orléans-France,1.9085203,47.9032335,Orléans,Orléans
stadester-Pamiers-France,1.607953,43.114753,Pamiers,Pamiers
stadester-Paris-France,2.3513765,48.8575475,Paris,Paris
stadester-Pau-France,-0.370797,43.2951,Pau,Pau
stadester-Périgueux-France,0.7268991,45.1827726,Périgueux,Périgueux
stadester-Perpignan-France,2.9006474,42.68748739999999,Perpignan,Perpignan
stadester-Poitiers-France,0.3416875,46.5798429,Poitiers,Poitiers
stadester-Pont-à-Mousson-France,6.054868,48.90329,Pont-à-Mousson,Pont-à-Mousson
stadester-Pontoise-France,2.100645,49.050966,Pontoise,Pontoise
stadester-Provins-France,3.2989352,48.5602001,Provins,Provins
stadester-Puy-en-Velay, Le --France,3.882936,45.042768,"Puy-en-Velay, Le -","Puy-en-Velay, Le -"
stadester-Quimper-France,-4.0973449,47.9976492,Quimper,Quimper
stadester-Quimperlé-France,-3.547546,47.87258600000001,Quimperlé,Quimperlé
stadester-Reims-France,4.031696,49.258329,Reims,Reims
stadester-Rennes-France,-1.6777926,48.117266,Rennes,Rennes
stadester-Riom-France,3.114932,45.8939949,Riom,Riom
stadester-Rive-de-Gier-France,4.615349,45.52769199999999,Rive-de-Gier,Rive-de-Gier
stadester-Roanne-France,4.0731071,46.0419243,Roanne,Roanne
stadester-Rochefort-France,-0.9620645999999999,45.9371788,Rochefort,Rochefort
stadester-Rochelle, La --France,-1.151139,46.160329,"Rochelle, La -","Rochelle, La -"
stadester-Rodez-France,2.575986,44.349389,Rodez,Rodez
stadester-Romans-sur-Isère-France,5.052735,45.044236,Romans-sur-Isère,Romans-sur-Isère
stadester-Romorantin-Lanthenay-France,1.747259,47.358657,Romorantin-Lanthenay,Romorantin-Lanthenay
stadester-Roubaix-France,3.1782753,50.6924529,Roubaix,Roubaix
stadester-Rouen-France,1.0984309,49.4435261,Rouen,Rouen
stadester-Sables-d'Olonne, Les --France,-1.7781025,46.5011991,"Sables-d'Olonne, Les -","Sables-d'Olonne, Les -"
stadester-Saint-Amand-les-Eaux-France,3.428713,50.44897899999999,Saint-Amand-les-Eaux,Saint-Amand-les-Eaux
stadester-Saint-Amand-Montrond-France,2.5065288,46.7250528,Saint-Amand-Montrond,Saint-Amand-Montrond
stadester-Saint-Brieuc-France,-2.7678727,48.51245609999999,Saint-Brieuc,Saint-Brieuc
stadester-Saint-Chamond-France,4.5127119,45.476088,Saint-Chamond,Saint-Chamond
stadester-Saint-Dié-des-Vosges-France,6.944772899999999,48.2875504,Saint-Dié-des-Vosges,Saint-Dié-des-Vosges
stadester-Saint-Dizier-France,4.9471336,48.63724149999999,Saint-Dizier,Saint-Dizier
stadester-Saintes-France,-0.6371416999999999,45.74740140000001,Saintes,Saintes
stadester-Saint-Étienne-France,4.3871779,45.439695,Saint-Étienne,Saint-Étienne
stadester-Saint-Germain-en-Laye-France,2.0885134,48.8999714,Saint-Germain-en-Laye,Saint-Germain-en-Laye
stadester-Saint-Junien-France,0.9011650000000001,45.88715999999999,Saint-Junien,Saint-Junien
stadester-Saint-Lô-France,-1.0825895,49.1154063,Saint-Lô,Saint-Lô
stadester-Saint-Malo-France,-2.02,48.65,St Malo,St Malo
stadester-Saint-Nazaire-France,-2.2130288,47.2740959,Saint-Nazaire,Saint-Nazaire
stadester-Saint-Omer-France,2.2543638,50.7522828,Saint-Omer,Saint-Omer
stadester-Saint-Quentin-France,3.2874,49.847066,Saint-Quentin,Saint-Quentin
stadester-Salon-de-Provence-France,5.097022,43.640199,Salon-de-Provence,Salon-de-Provence
stadester-Saumur-France,-0.0811244,47.25735239999999,Saumur,Saumur
stadester-Sedan-France,4.93863,49.70349,Sedan,Sedan
stadester-Sélestat-France,7.454241000000001,48.259386,Sélestat,Sélestat
stadester-Senlis-France,2.5837352,49.2052124,Senlis,Senlis
stadester-Sens-France,3.28268,48.20065,Sens,Sens
stadester-Sète-France,3.7007529,43.4079391,Sète,Sète
stadester-Soissons-France,3.3286377,49.3770386,Soissons,Soissons
stadester-Strasbourg-France,7.752111299999999,48.5734053,Strasbourg,Strasbourg
stadester-Tarbes-France,0.078082,43.23295100000001,Tarbes,Tarbes
stadester-Thiers-France,3.57,45.85,Thiers,Thiers
stadester-Thionville-France,6.1685835,49.357328,Thionville,Thionville
stadester-Toul-France,5.890159,48.678296,Toul,Toul
stadester-Toulon-France,5.9284944,43.1256814,Toulon,Toulon
stadester-Toulouse-France,1.442848,43.6048462,Toulouse,Toulouse
stadester-Tourcoing-France,3.1638772,50.7254967,Tourcoing,Tourcoing
stadester-Tours-France,0.6891731999999999,47.3897679,Tours,Tours
stadester-Troyes-France,4.0746921,48.2975056,Troyes,Troyes
stadester-Tulle-France,1.771697,45.26565,Tulle,Tulle
stadester-Valence-France,4.8967142,44.9336953,Valence,Valence
stadester-Valenciennes-France,3.518332,50.357113,Valenciennes,Valenciennes
stadester-Vannes-France,-2.7599022,47.65861659999999,Vannes,Vannes
stadester-Vendôme-France,1.0596453,47.7977986,Vendôme,Vendôme
stadester-Verdun-France,5.3844231,49.15987639999999,Verdun,Verdun
stadester-Versailles-France,2.1297422,48.80225850000001,Versailles,Versailles
stadester-Vesoul-France,6.15428,47.61978800000001,Vesoul,Vesoul
stadester-Vienne-France,4.874339,45.525587,Vienne,Vienne
stadester-Vierzon-France,2.0732122,47.2252096,Vierzon,Vierzon
stadester-Villefranche-sur-Saône-France,4.718821,45.991471,Villefranche-sur-Saône,Villefranche-sur-Saône
stadester-Villeneuve-sur-Lot-France,0.7073265999999999,44.4082686,Villeneuve-sur-Lot,Villeneuve-sur-Lot
stadester-Villeurbanne-France,4.8901709,45.771944,Villeurbanne,Villeurbanne
stadester-Vire-France,-0.888482,48.837781,Vire,Vire
stadester-Vitré-France,-1.2054524,48.11990230000001,Vitré,Vitré
stadester-Vitry-le-François-France,4.585745,48.726087,Vitry-le-François,Vitry-le-François
stadester-Voiron-France,5.591349,45.362713,Voiron,Voiron
stadester-T'bilisi-Georgia,44.80151679999999,41.6938026,T'bilisi,T'bilisi
stadester-Aachen-Germany,6.083886800000001,50.7753455,Aachen,Aachen
stadester-Altenburg-Germany,12.4366572,50.9931202,Altenburg,Altenburg
stadester-Altona-Germany,9.935286729640126,53.54741793091176,Altona,Altona
stadester-Amberg-Germany,11.8633445,49.4403198,Amberg,Amberg
stadester-Andernach-Germany,7.4,50.43,Andernach,Andernach
stadester-Anklam-Germany,13.68,53.85,Anklam,Anklam
stadester-Annaberg-Buchholz-Germany,13.0149313,50.5851268,Annaberg-Buchholz,Annaberg-Buchholz
stadester-Ansbach-Germany,10.5719357,49.3004246,Ansbach,Ansbach
stadester-Aschaffenburg-Germany,9.135555400000001,49.9806625,Aschaffenburg,Aschaffenburg
stadester-Aschersleben-Germany,11.4619062,51.7591297,Aschersleben,Aschersleben
stadester-Augsburg-Germany,10.89779,48.3705449,Augsburg,Augsburg
stadester-Bad Hersfeld-Germany,9.7,50.87,Bad Hersfeld,Bad Hersfeld
stadester-Bad Kreuznach-Germany,7.85,49.87,Bad Kreuznach,Bad Kreuznach
stadester-Bad Langensalza-Germany,10.6445189,51.10931590000001,Bad Langensalza,Bad Langensalza
stadester-Baden-Baden-Germany,8.23,48.77,Baden-Baden,Baden-Baden
stadester-Bamberg-Germany,10.9027636,49.8988135,Bamberg,Bamberg
stadester-Bautzen-Germany,14.4237749,51.18229299999999,Bautzen,Bautzen
stadester-Bayreuth-Germany,11.5713346,49.9456399,Bayreuth,Bayreuth
stadester-Beckum-Germany,8.0425504,51.7561792,Beckum,Beckum
stadester-Bergisch-Gladbach-Germany,7.13,51,Bergisch-Gladbach,Bergisch-Gladbach
stadester-Berlin-Germany,13.404954,52.52000659999999,Berlin,Berlin
stadester-Bernburg/Saale-Germany,11.7400999,51.7916385,Bernburg/Saale,Bernburg/Saale
stadester-Biberach an der Riss-Germany,9.97,48.1,Biberach,Biberach
stadester-Bielefeld-Germany,8.5278765,52.02209240000001,Bielefeld,Bielefeld
stadester-Bingen am Rhein-Germany,7.9,49.97,Bingen,Bingen
stadester-Bochum-Germany,7.216236299999999,51.4818445,Bochum,Bochum
stadester-Bonn-Germany,7.0982068,50.73743,Bonn,Bonn
stadester-Borna-Germany,12.4923222,51.1245977,Borna,Borna
stadester-Bottrop-Germany,6.9446888,51.529086,Bottrop,Bottrop
stadester-Brandenburg an der Havel-Germany,12.5316444,52.4125287,Brandenburg an der Havel,Brandenburg an der Havel
stadester-Braunschweig-Germany,10.5245656,52.2677907,Braunschweig,Braunschweig
stadester-Bremen-Germany,8.8016937,53.07929619999999,Bremen,Bremen
stadester-Bruchsal-Germany,8.58,49.12,Bruchsal,Bruchsal
stadester-Burg-Germany,11.8553502,52.2709013,Burg,Burg
stadester-Celle-Germany,10.080865,52.6263797,Celle,Celle
stadester-Charlottenburg-Germany,13.3041054,52.5166023,Charlottenburg,Charlottenburg
stadester-Chemnitz-Germany,12.9208547,50.8282222,Chemnitz,Chemnitz
stadester-Coburg-Germany,10.97,50.25,Coburg,Coburg
stadester-Coesfeld-Germany,7.1675831,51.9382944,Coesfeld,Coesfeld
stadester-Cottbus-Germany,14.3328679,51.75631079999999,Cottbus,Cottbus
stadester-Darmstadt-Germany,8.6511929,49.8728253,Darmstadt,Darmstadt
stadester-Dessau-Germany,12.2423302,51.83081660000001,Dessau,Dessau
stadester-Döbeln-Germany,13.1167196,51.1229322,Döbeln,Döbeln
stadester-Dortmund-Germany,7.465298100000001,51.5135872,Dortmund,Dortmund
stadester-Dresden-Germany,13.7372621,51.0504088,Dresden,Dresden
stadester-Düren-Germany,6.4793683,50.8037183,Düren,Düren
stadester-Düsseldorf-Germany,6.7824545,51.2230411,Düsseldorf,Düsseldorf
stadester-Duisburg-Germany,6.762329299999999,51.4344079,Duisburg,Duisburg
stadester-Eilenburg-Germany,12.6326198,51.4599039,Eilenburg,Eilenburg
stadester-Einbeck-Germany,9.8683087,51.8205718,Einbeck,Einbeck
stadester-Eisenach-Germany,10.3146872,50.9795715,Eisenach,Eisenach
stadester-Eisleben, Lutherstadt-Germany,11.5576749,51.5195173,"Eisleben, Lutherstadt","Eisleben, Lutherstadt"
stadester-Emden-Germany,7.2060095,53.35940290000001,Emden,Emden
stadester-Emmerich-Germany,6.241533899999999,51.8414689,Emmerich,Emmerich
stadester-Erfurt-Germany,11.0298799,50.98476789999999,Erfurt,Erfurt
stadester-Erlangen-Germany,11.0119611,49.5896744,Erlangen,Erlangen
stadester-Eschweiler-Germany,6.263075,50.8107322,Eschweiler,Eschweiler
stadester-Essen-Germany,7.0224632,51.4575573,Essen,Essen
stadester-Esslingen am Neckar-Germany,9.3144229,48.742178,Esslingen am Neckar,Esslingen am Neckar
stadester-Flensburg-Germany,9.43,54.78,Flensburg,Flensburg
stadester-Forchheim-Germany,11.0679502,49.7188374,Forchheim,Forchheim
stadester-Frankenthal (Pfalz)-Germany,8.3560768,49.53770720000001,Frankenthal,Frankenthal
stadester-Frankfurt am Main-Germany,8.6821267,50.1109221,Frankfurt am Main,Frankfurt am Main
stadester-Frankfurt/Oder-Germany,14.5505673,52.3472237,Frankfurt/Oder,Frankfurt/Oder
stadester-Freiberg-Germany,13.3468175,50.9160943,Freiberg,Freiberg
stadester-Freiburg im Breisgau-Germany,7.842104299999999,47.9990077,Freiburg im Breisgau,Freiburg im Breisgau
stadester-Freising-Germany,11.7413524,48.401454,Freising,Freising
stadester-Fürth-Germany,10.988667,49.4771169,Fürth,Fürth
stadester-Fulda-Germany,9.6808449,50.5558095,Fulda,Fulda
stadester-Gera-Germany,12.0807203,50.8850706,Gera,Gera
stadester-Giessen-Germany,8.678403099999999,50.5840512,Giessen,Giessen
stadester-Glauchau-Germany,12.5451713,50.8187761,Glauchau,Glauchau
stadester-Göppingen-Germany,9.6512491,48.7054382,Göppingen,Göppingen
stadester-Görlitz-Germany,14.9688941,51.1524553,Görlitz,Görlitz
stadester-Göttingen-Germany,9.915803499999999,51.54128040000001,Göttingen,Göttingen
stadester-Goslar-Germany,10.4289963,51.9059531,Goslar,Goslar
stadester-Gotha-Germany,10.7097574,50.9474251,Gotha,Gotha
stadester-Greifswald-Germany,13.3923414,54.08654629999999,Greifswald,Greifswald
stadester-Guben-Germany,14.695565,51.9514863,Guben,Guben
stadester-Güstrow-Germany,12.1745703,53.8002129,Güstrow,Güstrow
stadester-Hagen-Germany,7.463638599999999,51.3678219,Hagen,Hagen
stadester-Halberstadt-Germany,11.0488695,51.8916475,Halberstadt,Halberstadt
stadester-Halle/Saale-Germany,11.9662371,51.49535669999999,Halle/Saale,Halle/Saale
stadester-Hamburg-Germany,9.987170299999999,53.5488282,Hamburg,Hamburg
stadester-Hameln-Germany,9.3616,52.1042035,Hameln,Hameln
stadester-Hamm-Germany,7.815981600000001,51.6738583,Hamm,Hamm
stadester-Hanau-Germany,8.9283105,50.1264123,Hanau,Hanau
stadester-Hannover-Germany,9.732010400000002,52.3758916,Hannover,Hannover
stadester-Harburg-Germany,10.6951796,48.78546980000001,Harburg,Harburg
stadester-Heidelberg-Germany,8.6724335,49.3987524,Heidelberg,Heidelberg
stadester-Heilbronn-Germany,9.210879,49.1426929,Heilbronn,Heilbronn
stadester-Helmstedt-Germany,11.003723,52.2272927,Helmstedt,Helmstedt
stadester-Herford-Germany,8.677477200000002,52.1180196,Herford,Herford
stadester-Herne-Germany,7.200914699999999,51.5368948,Herne,Herne
stadester-Hildesheim-Germany,9.9579652,52.154778,Hildesheim,Hildesheim
stadester-Hof-Germany,11.92,50.3,Hof,Hof
stadester-Husum-Germany,9.056639600000002,54.4855642,Husum,Husum
stadester-Ibbenbüren-Germany,7.72,52.27,Ibbenbueren,Ibbenbueren
stadester-Ingolstadt-Germany,11.4226498,48.7667395,Ingolstadt,Ingolstadt
stadester-Iserlohn-Germany,7.6960842,51.3765096,Iserlohn,Iserlohn
stadester-Itzehoe-Germany,9.5051475,53.9317752,Itzehoe,Itzehoe
stadester-Jena-Germany,11.5892372,50.927054,Jena,Jena
stadester-Kaiserslautern-Germany,7.7491265,49.4400657,Kaiserslautern,Kaiserslautern
stadester-Karlsruhe-Germany,8.4036527,49.0068901,Karlsruhe,Karlsruhe
stadester-Kassel-Germany,9.4915751,51.3118828,Kassel,Kassel
stadester-Kaufbeuren-Germany,10.62,47.88,Kaufbeuren,Kaufbeuren
stadester-Kempten (Allgäu)-Germany,10.3157835,47.7285699,Kempten,Kempten
stadester-Kiel-Germany,10.1227652,54.3232927,Kiel,Kiel
stadester-Kleve-Germany,6.129454232205365,51.78650455689103,Kleve,Kleve
stadester-Koblenz-Germany,7.5889959,50.3569429,Koblenz,Koblenz
stadester-Köln-Germany,6.9602786,50.937531,Köln,Köln
stadester-Königswinter-Germany,7.18,50.67,Koenigswinter,Koenigswinter
stadester-Köthen/Anhalt-Germany,11.9802357,51.7505762,Köthen/Anhalt,Köthen/Anhalt
stadester-Konstanz-Germany,9.1736741,47.6779808,Konstanz,Konstanz
stadester-Krefeld-Germany,6.565408199999999,51.33453,Krefeld,Krefeld
stadester-Lahr/Schwarzwald-Germany,7.87,48.4,Lahr,Lahr
stadester-Landau in der Pfalz-Germany,8.12,49.2,Landau,Landau
stadester-Landshut-Germany,12.1468532,48.5441917,Landshut,Landshut
stadester-Leer (Ostfriesland)-Germany,7.43,53.23,Leer,Leer
stadester-Leipzig-Germany,12.3730747,51.3396955,Leipzig,Leipzig
stadester-Lippstadt-Germany,8.32,51.67,Lippstadt,Lippstadt
stadester-Ludwigsburg-Germany,9.18,48.88,Ludwigsburg,Ludwigsburg
stadester-Ludwigshafen am Rhein-Germany,8.4447451,49.4774018,Ludwigshafen am Rhein,Ludwigshafen am Rhein
stadester-Lübeck-Germany,10.6865593,53.8654673,Lübeck,Lübeck
stadester-Lüneburg-Germany,10.42,53.25,Lueneburg,Lueneburg
stadester-Magdeburg-Germany,11.6080863,52.1131758,Magdeburg,Magdeburg
stadester-Mainz-Germany,8.2472526,49.9928617,Mainz,Mainz
stadester-Mannheim-Germany,8.4646441,49.4873329,Mannheim,Mannheim
stadester-Marburg-Germany,8.7657677,50.8018843,Marburg,Marburg
stadester-Meiningen-Germany,10.4190128,50.5739121,Meiningen,Meiningen
stadester-Meissen-Germany,13.47,51.17,Meissen,Meissen
stadester-Memmingen-Germany,10.18,47.98,Memmingen,Memmingen
stadester-Merseburg/Saale-Germany,11.99261,51.3543817,Merseburg/Saale,Merseburg/Saale
stadester-Mettmann-Germany,6.97,51.25,Mettmann,Mettmann
stadester-Minden-Germany,8.9160539,52.2923549,Minden,Minden
stadester-Mittweida-Germany,12.9740557,50.9853149,Mittweida,Mittweida
stadester-Mönchengladbach-Germany,6.435669630555064,51.193937562432716,Mönchengladbach,Mönchengladbach
stadester-Ruhr-Germany,6.884522599999999,51.4185682,Ruhr,Ruhr
stadester-München-Germany,11.5819806,48.1351253,München,München
stadester-Münster-Germany,7.6261347,51.9606649,Münster,Münster
stadester-Naumburg/Saale-Germany,11.8142454,51.1520283,Naumburg/Saale,Naumburg/Saale
stadester-Neubrandenburg-Germany,13.2779269,53.5678292,Neubrandenburg,Neubrandenburg
stadester-Neuburg a.d. Donau-Germany,11.18,48.73,Neuburg,Neuburg
stadester-Neuruppin-Germany,12.8,52.92,Neuruppin,Neuruppin
stadester-Neuss-Germany,6.68,51.2,Neuss,Neuss
stadester-Neustrelitz-Germany,13.0730197,53.3601147,Neustrelitz,Neustrelitz
stadester-Neuwied-Germany,7.4664546,50.4361866,Neuwied,Neuwied
stadester-Norden-Germany,7.2,53.6,Norden,Norden
stadester-Nordhausen-Germany,10.7931122,51.4983551,Nordhausen,Nordhausen
stadester-Nürnberg-Germany,11.0745641,49.45428810000001,Nürnberg,Nürnberg
stadester-Offenbach am Main-Germany,8.776084299999999,50.09563620000001,Offenbach am Main,Offenbach am Main
stadester-Oldenburg (Oldenburg)-Germany,8.214552099999999,53.1434501,Oldenburg,Oldenburg
stadester-Osnabrück-Germany,8.0471788,52.2799112,Osnabrück,Osnabrück
stadester-Paderborn-Germany,8.757509299999999,51.7189205,Paderborn,Paderborn
stadester-Passau-Germany,13.4319466,48.5667364,Passau,Passau
stadester-Pforzheim-Germany,8.6946286,48.8921862,Pforzheim,Pforzheim
stadester-Pirmasens-Germany,7.600216100000001,49.20155500000001,Pirmasens,Pirmasens
stadester-Pirna-Germany,13.9419169,50.9625175,Pirna,Pirna
stadester-Plauen-Germany,12.1368679,50.4976133,Plauen,Plauen
stadester-Potsdam-Germany,13.0644729,52.3905689,Potsdam,Potsdam
stadester-Prenzlau-Germany,13.8623758,53.3168438,Prenzlau,Prenzlau
stadester-Quedlinburg-Germany,11.15,51.8,Quedlinburg,Quedlinburg
stadester-Radevormwald-Germany,7.35,51.2,Radevormwald,Radevormwald
stadester-Ravensburg-Germany,9.6103864,47.78543579999999,Ravensburg,Ravensburg
stadester-Recklinghausen-Germany,7.197388500000001,51.6117809,Recklinghausen,Recklinghausen
stadester-Regensburg-Germany,12.1016236,49.0134297,Regensburg,Regensburg
stadester-Reichenbach/Vogtl.-Germany,12.2990016,50.6175423,Reichenbach/Vogtl.,Reichenbach/Vogtl.
stadester-Remscheid-Germany,7.225058799999999,51.1801079,Remscheid,Remscheid
stadester-Rendsburg-Germany,9.660699300000001,54.3080869,Rendsburg,Rendsburg
stadester-Reutlingen-Germany,9.18,48.48,Reutlingen,Reutlingen
stadester-Rheine-Germany,7.43,52.28,Rheine,Rheine
stadester-Rostock-Germany,12.0991466,54.0924406,Rostock,Rostock
stadester-Rottenburg am Neckar-Germany,8.9409486,48.4791318,Rottenburg am Neckar,Rottenburg am Neckar
stadester-Saarbrücken-Germany,6.997547,49.2381697,Saarbrücken,Saarbrücken
stadester-Saarlouis-Germany,6.7506976,49.3123607,Saarlouis,Saarlouis
stadester-Salzgitter-Germany,10.3899126,52.13786589999999,Salzgitter,Salzgitter
stadester-Salzwedel-Germany,11.1514876,52.84965039999999,Salzwedel,Salzwedel
stadester-Schleswig-Germany,9.560847599999999,54.5249669,Schleswig,Schleswig
stadester-Schneeberg-Germany,12.63,50.6,Schneeberg,Schneeberg
stadester-Schorndorf-Germany,9.55,48.8,Schorndorf,Schorndorf
stadester-Schwabach-Germany,11.02,49.47,Schwabach,Schwabach
stadester-Schwäbisch Gmünd-Germany,9.8045704,48.7994019,Schwäbisch Gmünd,Schwäbisch Gmünd
stadester-Schwäbisch Hall-Germany,9.7372649,49.1124645,Schwäbisch Hall,Schwäbisch Hall
stadester-Schweinfurt-Germany,10.2200758,50.0494345,Schweinfurt,Schweinfurt
stadester-Schwerin-Germany,11.4003136,53.6353316,Schwerin,Schwerin
stadester-Siegen-Germany,8.020959099999999,50.8838492,Siegen,Siegen
stadester-Soest-Germany,8.12,51.57,Soest,Soest
stadester-Solingen-Germany,7.0847931,51.1748808,Solingen,Solingen
stadester-Spandau-Germany,13.2,52.53,Spandau,Spandau
stadester-Speyer-Germany,8.43,49.32,Speyer,Speyer
stadester-Stade-Germany,9.47,53.6,Stade,Stade
stadester-Stendal-Germany,11.8517729,52.6041444,Stendal,Stendal
stadester-Stralsund-Germany,13.0770347,54.30906539999999,Stralsund,Stralsund
stadester-Straubing-Germany,12.57,48.88,Straubing,Straubing
stadester-Stuttgart-Germany,9.1829321,48.7758459,Stuttgart,Stuttgart
stadester-Suhl-Germany,10.6881255,50.6076846,Suhl,Suhl
stadester-Torgau-Germany,12.9930992,51.5569688,Torgau,Torgau
stadester-Trier-Germany,6.637188999999999,49.7500569,Trier,Trier
stadester-Tübingen-Germany,9.0576448,48.5216364,Tübingen,Tübingen
stadester-Überlingen-Germany,9.159467099999999,47.7686035,Überlingen,Überlingen
stadester-Ulm-Germany,9.987607599999999,48.4010822,Ulm,Ulm
stadester-Unna-Germany,7.687836,51.5410778,Unna,Unna
stadester-Velbert-Germany,7.0426775,51.33707030000001,Velbert,Velbert
stadester-Verden (Aller)-Germany,9.2280756,52.924648,Verden,Verden
stadester-Viersen-Germany,6.3965235,51.2554987,Viersen,Viersen
stadester-Warburg-Germany,9.14519,51.4899078,Warburg,Warburg
stadester-Weimar-Germany,11.3235439,50.9794934,Weimar,Weimar
stadester-Weissenfels-Germany,11.9668979,51.1987896,Weissenfels,Weissenfels
stadester-Weitmar-Germany,7.18,51.4,Hattingen,Hattingen
stadester-Wesel-Germany,6.63,51.67,Wesel,Wesel
stadester-Wetzlar-Germany,8.5002611,50.5635273,Wetzlar,Wetzlar
stadester-Wiesbaden-Germany,8.239760799999999,50.0782184,Wiesbaden,Wiesbaden
stadester-Wiesdorf-Germany,6.98,51.03,Leverkusen,Leverkusen
stadester-Wismar-Germany,11.4621371,53.8879706,Wismar,Wismar
stadester-Wittenberg, Lutherstadt-Germany,12.6411506,51.87046429999999,"Wittenberg, Lutherstadt","Wittenberg, Lutherstadt"
stadester-Wolfenbüttel-Germany,10.53,52.17,Wolfenbuettel,Wolfenbuettel
stadester-Worms-Germany,8.3507182,49.6341372,Worms,Worms
stadester-Wülfrath-Germany,7.03,51.28,Wuelfrath,Wuelfrath
stadester-Würzburg-Germany,9.9533548,49.79130439999999,Würzburg,Würzburg
stadester-Wuppertal-Germany,7.150763599999999,51.2562128,Wuppertal,Wuppertal
stadester-Xanten-Germany,6.4486504,51.65710809999999,Xanten,Xanten
stadester-Zeitz-Germany,12.13,51.05,Zeitz,Zeitz
stadester-Zerbst-Germany,12.0846211,51.9669481,Zerbst,Zerbst
stadester-Zittau-Germany,14.83,50.9,Zittau,Zittau
stadester-Zweibrücken-Germany,7.3634022,49.2450528,Zweibrücken,Zweibrücken
stadester-Zwickau-Germany,12.4968797,50.7176452,Zwickau,Zwickau
stadester-Argos-Greece,22.7288576,37.6351721,Argos,Argos
stadester-Árta-Greece,20.9781741,39.1538462,Árta,Árta
stadester-Athínai-Greece,23.7275388,37.9838096,Athens,Athīna
stadester-Chalkida-Greece,23.6228734,38.4686919,Chalkida,Chalkida
stadester-Chios-Greece,26.1310056,38.36818239999999,Chios,Chios
stadester-Ioánnina-Greece,20.8520014,39.6635944,Ioánnina,Ioánnina
stadester-Iraklio-Greece,25.15,35.33,Iraklion,Iraklion
stadester-Kalámata-Greece,22.1143716,37.0366386,Kalámata,Kalámata
stadester-Kerkyra-Greece,19.9216777,39.6242621,Kerkyra,Kerkyra
stadester-Kórinthos-Greece,22.9322383,37.9386365,Corinth,Corinth
stadester-Larissa-Greece,22.4191254,39.63902239999999,Larissa,Larissa
stadester-Messolongi-Greece,21.430415,38.3686739,Messolongi,Messolongi
stadester-Náfplio-Greece,22.8,37.57,Nafplion,Nafplion
stadester-Pátra-Greece,21.73,38.25,Patrai,Patrai
stadester-Pireas-Greece,23.6469832,37.9429857,Pireas,Pireas
stadester-Ródos-Greece,28.2176379,36.4340533,Ródos,Ródos
stadester-Serres-Greece,23.5483819,41.0863854,Serres,Serres
stadester-Spartí-Greece,22.430264,37.074461,Sparta,Sparta
stadester-Thessaloniki-Greece,22.93,40.63,Saloniki,Saloniki
stadester-Thira-Greece,25.4323206,36.4182677,Thira,Thira
stadester-Thiva-Greece,23.3204309,38.322579,Thiva,Thiva
stadester-Tríkala-Greece,21.7678951,39.5557317,Tríkala,Tríkala
stadester-Tripolis-Greece,22.372644,37.5101357,Tripolis,Tripolis
stadester-Vólos-Greece,22.934016333163946,39.36440733413698,Volos,Volos
stadester-Zakynthos-Greece,20.898940567672,37.78836198887083,Zakynthos,Zakynthos
stadester-Baja-Hungary,18.9543051,46.1817951,Baja,Baja
stadester-Békés-Hungary,21.1289753,46.7711185,Békés,Békés
stadester-Békéscsaba-Hungary,21.0877309,46.6735939,Békéscsaba,Békéscsaba
stadester-Budapest-Hungary,19.040235,47.497912,Budapest,Budapest
stadester-Cegléd-Hungary,19.7966325,47.1737909,Cegléd,Cegléd
stadester-Csongrád-Hungary,20.1436061,46.7084264,Csongrád,Csongrád
stadester-Debrecen-Hungary,21.6254485,47.5288879,Debrecen,Debrecen
stadester-Dunaföldvár-Hungary,18.9167877,46.806202,Dunaföldvár,Dunaföldvár
stadester-Eger-Hungary,20.3772284,47.9025348,Eger,Eger
stadester-Esztergom-Hungary,18.7434452,47.7883949,Esztergom,Esztergom
stadester-Gyöngyös-Hungary,19.9294927,47.7772651,Gyöngyös,Gyöngyös
stadester-Györ-Hungary,17.6503974,47.6874569,Györ,Györ
stadester-Gyula-Hungary,21.2784255,46.6473027,Gyula,Gyula
stadester-Hajdúböszörmény-Hungary,21.5126637,47.6718908,Hajdúböszörmény,Hajdúböszörmény
stadester-Hajdúnánás-Hungary,21.4242691,47.843004,Hajdúnánás,Hajdúnánás
stadester-Hajdúszoboszló-Hungary,21.3965517,47.4435369,Hajdúszoboszló,Hajdúszoboszló
stadester-Hódmezövásárhely-Hungary,20.3300315,46.4181262,Hódmezövásárhely,Hódmezövásárhely
stadester-Jászárokszállás-Hungary,19.98,47.65,Jaszarokzallas,Jaszarokzallas
stadester-Jászberény-Hungary,19.9062866,47.5001845,Jászberény,Jászberény
stadester-Kalocsa-Hungary,18.98,46.53,Kalocsa,Kalocsa
stadester-Karcag-Hungary,20.9196518,47.3148629,Karcag,Karcag
stadester-Kecskemét-Hungary,19.7,46.9,Kecskemet,Kecskemet
stadester-Kiskunfélegyháza-Hungary,19.8515197,46.7112802,Kiskunfélegyháza,Kiskunfélegyháza
stadester-Kiskunhalas-Hungary,19.4834284,46.4354409,Kiskunhalas,Kiskunhalas
stadester-Komárom-Hungary,18.15,47.75,Komarno,Komarno
stadester-Köszeg-Hungary,16.5397127,47.3859176,Köszeg,Köszeg
stadester-Makó-Hungary,20.4809265,46.2219071,Makó,Makó
stadester-Mezötúr-Hungary,20.6161809,47.0041296,Mezötúr,Mezötúr
stadester-Miskolc-Hungary,20.7913396,48.1043333,Miskolc,Miskolc
stadester-Mohács-Hungary,18.6794304,46.0046295,Mohács,Mohács
stadester-Nagykörös-Hungary,19.7803862,47.0316684,Nagykörös,Nagykörös
stadester-Nyíregyháza-Hungary,21.7244053,47.9495324,Nyíregyháza,Nyíregyháza
stadester-Orosháza-Hungary,20.6544927,46.5684222,Orosháza,Orosháza
stadester-Paks-Hungary,18.8546832,46.6060722,Paks,Paks
stadester-Pápa-Hungary,17.4697834,47.3260464,Pápa,Pápa
stadester-Pécs-Hungary,18.232266,46.0727345,Pécs,Pécs
stadester-Sopron-Hungary,16.5844795,47.68166189999999,Sopron,Sopron
stadester-Szarvas-Hungary,20.5526534,46.8635641,Szarvas,Szarvas
stadester-Szeged-Hungary,20.1414253,46.2530102,Szeged,Szeged
stadester-Székesfehérvár-Hungary,18.4221358,47.18602620000001,Székesfehérvár,Székesfehérvár
stadester-Szekszárd-Hungary,18.7062293,46.3474326,Szekszárd,Szekszárd
stadester-Szentes-Hungary,20.2637492,46.654789,Szentes,Szentes
stadester-Szolnok-Hungary,20.1824712,47.16213550000001,Szolnok,Szolnok
stadester-Szombathely-Hungary,16.6218441,47.2306851,Szombathely,Szombathely
stadester-Törökszentmiklós-Hungary,20.4132766,47.1759479,Törökszentmiklós,Törökszentmiklós
stadester-Vác-Hungary,19.1351781,47.7841803,Vác,Vác
stadester-Veszprém-Hungary,17.9093019,47.1028087,Veszprém,Veszprém
stadester-Reykjavík-Iceland,-21.9407552,64.1469868,Reykjavík,Reykjavík
stadester-Carlow-Ireland,-6.924607399999999,52.8359963,Carlow,Carlow
stadester-Castlebar-Ireland,-9.28,53.87,Castlebar,Castlebar
stadester-Clonmel-Ireland,-7.7007084,52.3623523,Clonmel,Clonmel
stadester-Cork-Ireland,-8.4756035,51.8985143,Cork,Cork
stadester-Drogheda-Ireland,-6.35,53.72,Drogheda,Drogheda
stadester-Dublin-Ireland,-6.2603097,53.3498053,Dublin,Dublin
stadester-Dundalk-Ireland,-6.388300099999999,54.0024774,Dundalk,Dundalk
stadester-Galway-Ireland,-9.05,53.27,Galway,Galway
stadester-Kilkenny-Ireland,-7.25,52.67,Kilkenny,Kilkenny
stadester-Kilmallock-Ireland,-8.58,52.42,Kilmallock,Kilmallock
stadester-Limerick-Ireland,-8.626729899999999,52.663839,Limerick,Limerick
stadester-New Ross-Ireland,-6.945456699999999,52.3958337,New Ross,New Ross
stadester-Sligo-Ireland,-8.4715258,54.2775969,Sligo,Sligo
stadester-Tralee-Ireland,-9.7,52.27,Tralee,Tralee
stadester-Waterford-Ireland,-7.1,52.25,Waterford,Waterford
stadester-Wexford-Ireland,-6.45,52.33,Wexford,Wexford
stadester-Acerra-Italy,14.37,40.95,Acerra,Acerra
stadester-Acireale-Italy,15.25,37.62,Acireale,Acireale
stadester-Adrano-Italy,14.8325995,37.6627603,Adrano,Adrano
stadester-Afragola-Italy,14.3,40.92,Afragola,Afragola
stadester-Agrigento-Italy,13.5857818,37.3088381,Agrigento,Agrigento
stadester-Alcamo-Italy,12.97,37.98,Alcamo,Alcamo
stadester-Alessandria-Italy,8.6116796,44.9072727,Alessandria,Alessandria
stadester-Alghero-Italy,8.319106999999999,40.5582971,Alghero,Alghero
stadester-Altamura-Italy,16.55,40.83,Altamura,Altamura
stadester-Ancona-Italy,13.5101741,43.6071395,Ancona,Ancona
stadester-Andria-Italy,16.3,41.22,Andria,Andria
stadester-Aosta-Italy,7.3130948,45.7350508,Aosta,Aosta
stadester-Arezzo-Italy,11.88,43.42,Arezzo,Arezzo
stadester-Ariano Irpino-Italy,15.08,41.15,Ariano Irpino,Ariano Irpino
stadester-Ascoli Piceno-Italy,13.5688168,42.8540985,Ascoli Piceno,Ascoli Piceno
stadester-Assisi-Italy,12.6196732,43.070631,Assisi,Assisi
stadester-Asti-Italy,8.206434999999999,44.900765,Asti,Asti
stadester-Augusta-Italy,15.2216971,37.2500684,Augusta,Augusta
stadester-Avellino-Italy,14.7898404,40.9168443,Avellino,Avellino
stadester-Aversa-Italy,14.2078473,40.9731044,Aversa,Aversa
stadester-Avola-Italy,15.1350022,36.9094863,Avola,Avola
stadester-Bari-Italy,16.8718715,41.1171432,Bari,Bari
stadester-Barletta-Italy,16.28,41.32,Barletta,Barletta
stadester-Bassano del Grappa-Italy,11.73,45.77,Bassano,Bassano
stadester-Belluno-Italy,12.2148261,46.14163749999999,Belluno,Belluno
stadester-Benevento-Italy,14.75,41.13,Benevento,Benevento
stadester-Bergamo-Italy,9.6707462,45.6941966,Bergamo,Bergamo
stadester-Biella-Italy,8.0583397,45.56288420000001,Biella,Biella
stadester-Bisceglie-Italy,16.52,41.23,Bisceglie,Bisceglie
stadester-Bitonto-Italy,16.68,41.12,Bitonto,Bitonto
stadester-Bologna-Italy,11.3426163,44.494887,Bologna,Bologna
stadester-Bolzano-Italy,11.3402543,46.4949259,Bolzano,Bolzano
stadester-Brescia-Italy,10.2118019,45.5415526,Brescia,Brescia
stadester-Brindisi-Italy,17.9418724,40.6327732,Brindisi,Brindisi
stadester-Cagliari-Italy,9.1217194,39.2237323,Cagliari,Cagliari
stadester-Caltagirone-Italy,14.5133945,37.2371653,Caltagirone,Caltagirone
stadester-Caltanissetta-Italy,14.0631576,37.4900647,Caltanissetta,Caltanissetta
stadester-Campobasso-Italy,14.6617334,41.5602674,Campobasso,Campobasso
stadester-Canicatti-Italy,13.8497806,37.3581092,Canicatti,Canicatti
stadester-Carrara-Italy,10.0824161,44.069655,Carrara,Carrara
stadester-Casale Monferrato-Italy,8.450737799999999,45.1291107,Casale Monferrato,Casale Monferrato
stadester-Caserta-Italy,14.33,41.07,Caserta,Caserta
stadester-Castellammare di Stàbia-Italy,14.4880402,40.6981057,Castellammare di Stàbia,Castellammare di Stàbia
stadester-Castelvetrano-Italy,12.7904881,37.680965,Castelvetrano,Castelvetrano
stadester-Catania-Italy,15.0830032,37.5078836,Catania,Catania
stadester-Catanzaro-Italy,16.5877804,38.9097707,Catanzaro,Catanzaro
stadester-Cava de' Tirreni-Italy,14.7,40.7,Cava de' Tirreni,Cava de' Tirreni
stadester-Cesena-Italy,12.25,44.13,Cesena,Cesena
stadester-Chiavari-Italy,9.3199788,44.3166526,Chiavari,Chiavari
stadester-Chieri-Italy,7.82,45.02,Chieri,Chieri
stadester-Chieti-Italy,14.1636412,42.3479367,Chieti,Chieti
stadester-Chioggia-Italy,12.2786505,45.2190746,Chioggia,Chioggia
stadester-Città di Castello-Italy,12.23,43.45,Citta di Castello,Citta di Castello
stadester-Civitavecchia-Italy,11.7955319,42.09231219999999,Civitavecchia,Civitavecchia
stadester-Comiso-Italy,14.62,36.95,Comiso,Comiso
stadester-Como-Italy,9.0851867,45.8063817,Como,Como
stadester-Conegliano-Italy,12.3005572,45.8890423,Conegliano,Conegliano
stadester-Corato-Italy,16.4132492,41.1533105,Corato,Corato
stadester-Cortona-Italy,11.98,43.27,Cortona,Cortona
stadester-Cosenza-Italy,16.2474125,39.3071324,Cosenza,Cosenza
stadester-Crema-Italy,9.682426999999999,45.3643538,Crema,Crema
stadester-Cremona-Italy,10.0227044,45.1333135,Cremona,Cremona
stadester-Crotone-Italy,17.127163,39.0807848,Crotone,Crotone
stadester-Cuneo-Italy,7.5426711,44.3844766,Cuneo,Cuneo
stadester-Eboli-Italy,15.05,40.62,Eboli,Eboli
stadester-Enna-Italy,14.2748887,37.56915550000001,Enna,Enna
stadester-Ercolano-Italy,14.349324,40.8060701,Ercolano,Ercolano
stadester-Faenza-Italy,11.8667765,44.2923321,Faenza,Faenza
stadester-Fano-Italy,13.02,43.83,Fano,Fano
stadester-Fasano-Italy,17.37,40.83,Fasano,Fasano
stadester-Favara-Italy,13.6624618,37.3159917,Favara,Favara
stadester-Ferrara-Italy,11.6175537,44.83925,Ferrara,Ferrara
stadester-Firenze-Italy,11.2576706,43.7699685,Florence,Florence
stadester-Foggia-Italy,15.5447402,41.4623132,Foggia,Foggia
stadester-Foligno-Italy,12.7015053,42.9508135,Foligno,Foligno
stadester-Forlì-Italy,12.0408666,44.222008,Forlì,Forlì
stadester-Francavilla Fontana-Italy,17.58,40.32,Francavilla,Francavilla
stadester-Frosinone-Italy,13.32,41.63,Frosinone,Frosinone
stadester-Gela-Italy,14.2411467,37.0737611,Gela,Gela
stadester-Genova-Italy,8.934738099999999,44.4071448,Genova,Genova
stadester-Gioia del Colle-Italy,16.9221587,40.7990706,Gioia del Colle,Gioia del Colle
stadester-Giuliano in Campania-Italy,14.2,40.93,Giugliano in Campania,Giugliano in Campania
stadester-Gravina in Pùglia-Italy,16.4184341,40.8171205,Gravina in Pùglia,Gravina in Pùglia
stadester-Gùbbio-Italy,12.5734116,43.3539871,Gùbbio,Gùbbio
stadester-Iglesias-Italy,8.5359705,39.312692,Iglesias,Iglesias
stadester-Imola-Italy,11.7,44.35,Imola,Imola
stadester-Isèrnia-Italy,14.23,41.58,Isernia,Isernia
stadester-Ivrea-Italy,7.8806568,45.46734,Ivrea,Ivrea
stadester-Jesi-Italy,13.2464602,43.52706329999999,Jesi,Jesi
stadester-La Spezia-Italy,9.824082599999999,44.1024504,La Spezia,La Spezia
stadester-Lanciano-Italy,14.38,42.22,Lanciano,Lanciano
stadester-L'Aquila-Italy,13.6362715,42.1256317,L'Aquila,L'Aquila
stadester-Lecce-Italy,18.174966,40.3515255,Lecce,Lecce
stadester-Lentini-Italy,14.9962508,37.2837487,Lentini,Lentini
stadester-Licata-Italy,13.937602,37.1016735,Licata,Licata
stadester-Livorno-Italy,10.3106087,43.548476,Livorno,Livorno
stadester-Lodi-Italy,9.5035435,45.30969899999999,Lodi,Lodi
stadester-Lucca-Italy,10.5156532,43.8430391,Lucca,Lucca
stadester-Lucera-Italy,15.3340833,41.5087874,Lucera,Lucera
stadester-Macerata-Italy,13.4556559,43.2984479,Macerata,Macerata
stadester-Maddaloni-Italy,14.38,41.03,Maddaloni,Maddaloni
stadester-Mandùria-Italy,17.6378072,40.3979856,Mandùria,Mandùria
stadester-Manfredonia-Italy,15.9173139,41.6299852,Manfredonia,Manfredonia
stadester-Mantova-Italy,10.7914387,45.1563425,Mantova,Mantova
stadester-Marsala-Italy,12.4372447,37.798023,Marsala,Marsala
stadester-Martina Franca-Italy,17.33,40.7,Martina Franca,Martina Franca
stadester-Massa-Italy,10.1395371,44.0354992,Massa,Massa
stadester-Matera-Italy,16.62,40.67,Matera,Matera
stadester-Mazara del Vallo-Italy,12.5901857,37.6551076,Mazara del Vallo,Mazara del Vallo
stadester-Messina-Italy,15.5542088,38.1937342,Messina,Messina
stadester-Milano-Italy,9.182402699999999,45.468503,Milan,Milan
stadester-Modena-Italy,10.9252269,44.647128,Modena,Modena
stadester-Modica-Italy,14.7608405,36.8589716,Modica,Modica
stadester-Molfetta-Italy,16.5987155,41.2027186,Molfetta,Molfetta
stadester-Monòpoli-Italy,17.2985559,40.9525166,Monòpoli,Monòpoli
stadester-Monreale-Italy,13.28,38.08,Monreale,Monreale
stadester-Monza-Italy,9.2744485,45.5845001,Monza,Monza
stadester-Napoli-Italy,14.26812,40.8517983,Napoli,Napoli
stadester-Nardò-Italy,18.0333437,40.1798347,Nardò,Nardò
stadester-Nicastro-Italy,16.33,38.98,Nicastro,Nicastro
stadester-Niscemi-Italy,14.38,37.15,Niscemi,Niscemi
stadester-Nocera Inferiore-Italy,14.6474617,40.7460938,Nocera Inferiore,Nocera Inferiore
stadester-Nola-Italy,14.53,40.92,Nola,Nola
stadester-Novara-Italy,8.6168696,45.4467749,Novara,Novara
stadester-Novi Ligure-Italy,8.7950254,44.7627882,Novi Ligure,Novi Ligure
stadester-Orvieto-Italy,12.1107446,42.7185068,Orvieto,Orvieto
stadester-Ostuni-Italy,17.5771782,40.7296828,Ostuni,Ostuni
stadester-Padova-Italy,11.8782071,45.4105029,Padova,Padova
stadester-Palermo-Italy,13.3614635,38.1156864,Palermo,Palermo
stadester-Parma-Italy,10.3279911,44.8014788,Parma,Parma
stadester-Partinico-Italy,13.12,38.05,Partinico,Partinico
stadester-Paternò-Italy,14.9,37.57,Paterno,Paterno
stadester-Pavia-Italy,9.156256299999999,45.1896589,Pavia,Pavia
stadester-Perugia-Italy,12.3908279,43.1107168,Perugia,Perugia
stadester-Pesaro-Italy,12.9,43.9,Pesaro,Pesaro
stadester-Pescara-Italy,14.2160321,42.4617624,Pescara,Pescara
stadester-Piacenza-Italy,9.6936883,45.0526415,Piacenza,Piacenza
stadester-Piazza Armerina-Italy,14.3705567,37.3856182,Piazza Armerina,Piazza Armerina
stadester-Pinerolo-Italy,7.330667599999999,44.8845906,Pinerolo,Pinerolo
stadester-Pisa-Italy,10.4017581,43.72283849999999,Pisa,Pisa
stadester-Pistoia-Italy,10.906814,43.9298397,Pistoia,Pistoia
stadester-Pomigliano d'Arco-Italy,14.3829123,40.9101303,Pomigliano d'Arco,Pomigliano d'Arco
stadester-Portici-Italy,14.3388452,40.814162,Portici,Portici
stadester-Potenza-Italy,15.805502,40.6377715,Potenza,Potenza
stadester-Pozzuoli-Italy,14.12,40.82,Pozzuoli,Pozzuoli
stadester-Prato-Italy,11.102228,43.8777049,Prato,Prato
stadester-Ragusa-Italy,14.7198951,36.9239306,Ragusa,Ragusa
stadester-Ravenna-Italy,12.2034957,44.418441,Ravenna,Ravenna
stadester-Reggio di Calabria-Italy,15.65,38.12,Reggio di Calabria,Reggio di Calabria
stadester-Reggio nell'Emilia-Italy,10.634898474372227,44.702610039623835,Reggio nell Emilia,Reggio nell Emilia
stadester-Rieti-Italy,12.85,42.4,Rieti,Rieti
stadester-Rimini-Italy,12.5713325,44.0565776,Rimini,Rimini
stadester-Roma-Italy,12.4822025,41.8967068,Rome,Roma
stadester-Rovereto-Italy,11.05,45.88,Rovereto,Rovereto
stadester-Rovigo-Italy,11.7850885,45.0748447,Rovigo,Rovigo
stadester-Ruvo di Pùglia-Italy,16.4837981,41.1172254,Ruvo di Pùglia,Ruvo di Pùglia
stadester-Salerno-Italy,14.7743583,40.6813313,Salerno,Salerno
stadester-San Cataldo-Italy,13.98,37.48,San Cataldo,San Cataldo
stadester-San Remo-Italy,7.7760567,43.81596709999999,San Remo,San Remo
stadester-San Severo-Italy,15.38,41.68,San Severo,San Severo
stadester-Santa Maria Capua Vetere-Italy,14.2542991,41.08209799999999,S Maria Capua Vetere,S Maria Capua Vetere
stadester-Sarno-Italy,14.6215274,40.8101886,Sarno,Sarno
stadester-Sassari-Italy,8.5557334,40.7258034,Sassari,Sassari
stadester-Savona-Italy,8.4743315,44.3034046,Savona,Savona
stadester-Sciacca-Italy,13.0782746,37.50867530000001,Sciacca,Sciacca
stadester-Senigallia-Italy,13.22,43.72,Sinigaglia,Sinigaglia
stadester-Siena-Italy,11.3305812,43.3184741,Siena,Siena
stadester-Siracusa-Italy,15.2867415,37.0754013,Siracusa,Siracusa
stadester-Spoleto-Italy,12.7378003,42.7404881,Spoleto,Spoleto
stadester-Taranto-Italy,17.2689165,40.4622052,Taranto,Taranto
stadester-Teramo-Italy,13.6986639,42.6611431,Teramo,Teramo
stadester-Termini Imerese-Italy,13.7,37.98,Termini Imerese,Termini Imerese
stadester-Terni-Italy,12.6470618,42.5604522,Terni,Terni
stadester-Terracina-Italy,13.2488501,41.2903024,Terracina,Terracina
stadester-Tivoli-Italy,12.8021341,41.9597095,Tivoli,Tivoli
stadester-Torino-Italy,7.6868552,45.0703155,Turin,Turin
stadester-Torre Annunziata-Italy,14.464654,40.7492018,Torre Annunziata,Torre Annunziata
stadester-Torre del Greco-Italy,14.3674804,40.7893347,Torre del Greco,Torre del Greco
stadester-Tortona-Italy,8.8633326,44.8952122,Tortona,Tortona
stadester-Trani-Italy,16.42,41.28,Trani,Trani
stadester-Trapani-Italy,12.5364464,38.0174282,Trapani,Trapani
stadester-Trento-Italy,11.13,46.07,Trento,Trento
stadester-Treviso-Italy,12.2430608,45.6669338,Treviso,Treviso
stadester-Trieste-Italy,13.7674486,45.65083420000001,Trieste,Trieste
stadester-Udine-Italy,13.2373414,46.0652851,Udine,Udine
stadester-Urbino-Italy,12.63,43.72,Urbino,Urbino
stadester-Velletri-Italy,12.7783715,41.6835242,Velletri,Velletri
stadester-Venezia-Italy,12.3159547,45.440379,Venezia,Venezia
stadester-Vercelli-Italy,8.4180379,45.3207342,Vercelli,Vercelli
stadester-Verona-Italy,10.9917136,45.4383659,Verona,Verona
stadester-Vibo Valentia-Italy,16.0994697,38.6755587,Vibo Valentia,Vibo Valentia
stadester-Vicenza-Italy,11.5413779,45.5461815,Vicenza,Vicenza
stadester-Vigevano-Italy,8.8466726,45.3218787,Vigevano,Vigevano
stadester-Viterbo-Italy,12.1075465,42.4204278,Viterbo,Viterbo
stadester-Vittoria-Italy,14.5289026,36.9553727,Vittoria,Vittoria
stadester-Voghera-Italy,9.011851,44.9917543,Voghera,Voghera
stadester-Daugavpils-Latvia,26.5464985,55.88261259999999,Daugavpils,Daugavpils
stadester-Jelgava-Latvia,23.7196411,56.6511478,Jelgava,Jelgava
stadester-Liepája-Latvia,21.0538204,56.5384577,Liepája,Liepája
stadester-Riga-Latvia,24.1056221,56.9676941,Riga,Riga
stadester-Kaunas-Lithuania,23.9035965,54.8985207,Kaunas,Kaunas
stadester-Klaipèda-Lithuania,21.1442794,55.70329479999999,Klaipèda,Klaipèda
stadester-`Siauliai-Lithuania,23.3136823,55.9349085,`Siauliai,`Siauliai
stadester-Trakai-Lithuania,24.9340769,54.6376443,Trakai,Trakai
stadester-Vilnius-Lithuania,25.2796514,54.6871555,Vilnius,Vilnius
stadester-Luxembourg-Luxembourg,6.129582999999999,49.815273,Luxembourg,Luxembourg
stadester-Bitola-North Macedonia,21.3292164,41.0296773,Bitola,Bitola
stadester-Debar-North Macedonia,20.5220038,41.522774,Debar,Debar
stadester-Ohrid-North Macedonia,20.8016481,41.1230977,Ohrid,Ohrid
stadester-Skopje-North Macedonia,21.4254355,41.9981294,Skopje,Skopje
stadester-Tetovo-North Macedonia,20.9697842,42.0062341,Tetovo,Tetovo
stadester-Bormla-Malta,14.5140996,35.8992375,Valletta,Valletta
stadester-Chisinâu-Moldova,28.8638103,47.0104529,Chisinâu,Chisinâu
stadester-Soroca-Moldova,28.2870783,48.1549743,Soroca,Soroca
stadester-Tighina-Moldova,29.4620101,46.82275509999999,Tighina,Tighina
stadester-Alkmaar-Netherlands,4.73,52.63,Alkmaar,Alkmaar
stadester-Amersfoort-Netherlands,5.4,52.15,Amersfoort,Amersfoort
stadester-Amsterdam-Netherlands,4.9041389,52.3675734,Amsterdam,Amsterdam
stadester-Apeldoorn-Netherlands,5.9699231,52.21115700000001,Apeldoorn,Apeldoorn
stadester-Arnhem-Netherlands,5.92,51.98,Arnhem,Arnhem
stadester-Bergen op Zoom-Netherlands,4.2871622,51.49457580000001,Bergen op Zoom,Bergen op Zoom
stadester-Breda-Netherlands,4.77,51.58,Breda,Breda
stadester-Delft-Netherlands,4.35,52,Delft,Delft
stadester-Deventer-Netherlands,6.17,52.25,Deventer,Deventer
stadester-Dordrecht-Netherlands,4.6900929,51.81329789999999,Dordrecht,Dordrecht
stadester-Ede-Netherlands,5.6648594,52.0401675,Ede,Ede
stadester-Eindhoven-Netherlands,5.462289699999999,51.42314229999999,Eindhoven,Eindhoven
stadester-Enkhuizen-Netherlands,5.29167,52.70333,Enkhuizen,Enkhuizen
stadester-Enschede-Netherlands,6.88,52.22,Enschede,Enschede
stadester-Franeker-Netherlands,5.53,53.18,Franeker,Franeker
stadester-Goes-Netherlands,3.8911304,51.5046455,Goes,Goes
stadester-Gorinchem-Netherlands,4.98,51.83,Gorinchem,Gorinchem
stadester-Gouda-Netherlands,4.7104633,52.0115205,Gouda,Gouda
stadester-Gravenhage, 's--Netherlands,4.3006999,52.0704978,The Hague,The Hague
stadester-Groningen-Netherlands,6.55,53.22,Groningen,Groningen
stadester-Haarlem-Netherlands,4.6462194,52.3873878,Haarlem,Haarlem
stadester-Harderwijk-Netherlands,5.6,52.35,Harderwijk,Harderwijk
stadester-Harlingen-Netherlands,5.4251517,53.1746381,Harlingen,Harlingen
stadester-Heerlen-Netherlands,5.98035,50.88597739999999,Heerlen,Heerlen
stadester-Helmond-Netherlands,5.67,51.48,Helmond,Helmond
stadester-Hilversum-Netherlands,5.166897400000001,52.2291696,Hilversum,Hilversum
stadester-Hoogeveen-Netherlands,6.48,52.72,Hoogeveen,Hoogeveen
stadester-Hoorn-Netherlands,5.07,52.63,Hoorn,Hoorn
stadester-Kampen-Netherlands,5.9,52.55,Kampen,Kampen
stadester-Leeuwarden-Netherlands,5.77,53.2,Leeuwarden,Leeuwarden
stadester-Leiden-Netherlands,4.5,52.15,Leiden,Leiden
stadester-Maassluis-Netherlands,4.254565599999999,51.9226067,Maassluis,Maassluis
stadester-Maastricht-Netherlands,5.6909725,50.8513682,Maastricht,Maastricht
stadester-Meppel-Netherlands,6.18,52.7,Meppel,Meppel
stadester-Middelburg-Netherlands,3.610998,51.4987962,Middelburg,Middelburg
stadester-Monnickendam-Netherlands,5.039231600000001,52.4555687,Monnickendam,Monnickendam
stadester-Naarden-Netherlands,5.160423799999999,52.2952549,Naarden,Naarden
stadester-Nijkerk-Netherlands,5.5,52.22,Nijkerk,Nijkerk
stadester-Nijmegen-Netherlands,5.83,51.83,Nijmegen,Nijmegen
stadester-Purmerend-Netherlands,4.964061099999999,52.5143815,Purmerend,Purmerend
stadester-Roermond-Netherlands,6,51.2,Roermond,Roermond
stadester-Roosendaal-Netherlands,4.47,51.53,Roosendaal,Roosendaal
stadester-Rotterdam-Netherlands,4.4777325,51.9244201,Rotterdam,Rotterdam
stadester-Schiedam-Netherlands,4.398818599999999,51.91695989999999,Schiedam,Schiedam
stadester-Schoonhoven-Netherlands,4.8432204,51.9525204,Schoonhoven,Schoonhoven
stadester-Sneek-Netherlands,5.67,53.03,Sneek,Sneek
stadester-Tiel-Netherlands,5.42,51.9,Tiel,Tiel
stadester-Tilburg-Netherlands,5.08,51.57,Tilburg,Tilburg
stadester-Utrecht-Netherlands,5.1229572,52.09192549999999,Utrecht,Utrecht
stadester-Veendam-Netherlands,6.8750998,53.1062782,Veendam,Veendam
stadester-Venlo-Netherlands,6.172403099999999,51.3703748,Venlo,Venlo
stadester-Vlaardingen-Netherlands,4.3494366,51.9120668,Vlaardingen,Vlaardingen
stadester-Vlissingen-Netherlands,3.5709125,51.4536672,Vlissingen,Vlissingen
stadester-Weert-Netherlands,5.72,51.25,Weert,Weert
stadester-Winterswijk-Netherlands,6.73,51.97,Winterswijk,Winterswijk
stadester-Zaandam-Netherlands,4.82,52.43,Zaandam,Zaandam
stadester-Zaanstad-Netherlands,4.7510425,52.4579659,Zaanstad,Zaanstad
stadester-Zierikzee-Netherlands,3.92,51.63,Zierikzee,Zierikzee
stadester-Zoetermeer-Netherlands,4.48,52.05,Zoetermeer,Zoetermeer
stadester-Zutphen-Netherlands,6.2,52.13,Zutphen,Zutphen
stadester-Zwolle-Netherlands,6.08,52.5,Zwolle,Zwolle
stadester-Arendal-Norway,8.7724499,58.4617568,Arendal,Arendal
stadester-Bergen-Norway,5.3220544,60.39126279999999,Bergen,Bergen
stadester-Drammen-Norway,10.2044564,59.7440738,Drammen,Drammen
stadester-Halden-Norway,11.38,59.13,Halden,Halden
stadester-Kongsberg-Norway,9.65,59.65,Kongsberg,Kongsberg
stadester-Kristiansand-Norway,8.0182064,58.15991189999999,Kristiansand,Kristiansand
stadester-Oslo-Norway,10.7312704,59.9121746,Oslo,Oslo
stadester-Stavanger-Norway,5.75,58.97,Stavanger,Stavanger
stadester-Trondheim-Norway,10.42,63.42,Trondheim,Trondheim
stadester-Bialystok-Poland,23.15,53.15,Bialystok,Bialystok
stadester-Bochnia-Poland,20.430141443339526,49.968762566127936,Bochnia,Bochnia
stadester-Brzeg-Poland,17.4668311,50.8608509,Brzeg,Brzeg
stadester-Bydgoszcz-Poland,18.0084378,53.12348040000001,Bydgoszcz,Bydgoszcz
stadester-Chelmno-Poland,18.42499,53.34842,Chelmno,Chelmno
stadester-Czestochowa-Poland,19.1203094,50.8118195,Czestochowa,Czestochowa
stadester-Elblag-Poland,19.4044897,54.1560613,Elblag,Elblag
stadester-Gdansk-Poland,18.6466384,54.35202520000001,Gdansk,Gdańsk
stadester-Gliwice-Poland,18.6673092,50.2921738,Gliwice,Gliwice
stadester-Glogów-Poland,16.0846672,51.66358520000001,Glogów,Glogów
stadester-Gniezno-Poland,17.6,52.53,Gniezno,Gniezno
stadester-Gorzów Wielkopolski-Poland,15.2369305,52.7325285,Gorzów Wielkopolski,Gorzów Wielkopolski
stadester-Grudziadz-Poland,18.75,53.48,Grudziadz,Grudziadz
stadester-Jaroslaw-Poland,22.67,50,Jaroslav,Jaroslav
stadester-Jelenia Góra-Poland,15.731654,50.9034749,Jelenia Góra,Jelenia Góra
stadester-Kalisz-Poland,18.1,51.77,Kalisz,Kalisz
stadester-Katowice-Poland,19.0237815,50.26489189999999,Katowice,Katowice
stadester-Kielce-Poland,20.6285677,50.8660773,Kielce,Kielce
stadester-Klodzko-Poland,16.6613941,50.4345636,Klodzko,Klodzko
stadester-Kolobrzeg-Poland,15.5832667,54.17591729999999,Kolobrzeg,Kolobrzeg
stadester-Koszalin-Poland,16.1714908,54.1943219,Koszalin,Koszalin
stadester-Kraków-Poland,19.98,50.05,Krakow,Kraków
stadester-Kwidzyn-Poland,18.9323043,53.72635289999999,Kwidzyn,Kwidzyn
stadester-Legnica-Poland,16.1553231,51.2070067,Legnica,Legnica
stadester-Leszno-Poland,16.58,51.85,Leszno,Leszno
stadester-Lódz-Poland,19.4558778,51.7592924,Lodz,Lodz
stadester-Luban-Poland,15.2893895,51.11791419999999,Luban,Luban
stadester-Lublin-Poland,22.58,51.25,Lublin,Lublin
stadester-Malbork-Poland,19.0379763,54.0361319,Malbork,Malbork
stadester-Nowy Sacz-Poland,20.67,49.65,Nowy Sacz,Nowy Sacz
stadester-Nysa-Poland,17.3353434,50.4766766,Nysa,Nysa
stadester-Olkusz-Poland,19.5656869,50.2813157,Olkusz,Olkusz
stadester-Olsztyn-Poland,20.5,53.78,Olsztyn,Olsztyn
stadester-Opole-Poland,17.92,50.68,Opole,Opole
stadester-Plock-Poland,19.72,52.55,Plock,Plock
stadester-Poznan-Poland,16.9312766,52.40567859999999,Poznan,Poznan
stadester-Przemysl-Poland,22.7744294,49.7823132,Przemysl,Przemysl
stadester-Radom-Poland,21.1471333,51.40272359999999,Radom,Radom
stadester-Rawicz-Poland,16.85863,51.60945,Rawicz,Rawicz
stadester-Ruda Slaska-Poland,18.8555704,50.2558286,Ruda Slaska,Ruda Slaska
stadester-Rybnik-Poland,18.55,50.1,Rybnik,Rybnik
stadester-Rzeszów-Poland,22,50.05,Rzeszow,Rzeszow
stadester-Sandomierz-Poland,21.7501781,50.6822405,Sandomierz,Sandomierz
stadester-Slupsk-Poland,17.0283557,54.4643059,Slupsk,Slupsk
stadester-Sosnowiec-Poland,19.1268002,50.27798740000001,Sosnowiec,Sosnowiec
stadester-Stargard Szczecinski-Poland,15.0503771,53.3364746,Stargard Szczecinski,Stargard Szczecinski
stadester-Swidnica-Poland,16.475679,50.8498434,Swidnica,Swidnica
stadester-Szczecin-Poland,14.5528116,53.4285438,Szczecin,Szczecin
stadester-Tarnów-Poland,21,50.02,Tarnow,Tarnow
stadester-Torun-Poland,18.58,53.03,Torun,Torun
stadester-Tychy-Poland,19.0200022,50.12180069999999,Tychy,Tychy
stadester-Walbrzych-Poland,16.2843553,50.7840092,Walbrzych,Walbrzych
stadester-Warszawa-Poland,21.0122287,52.2296756,Warsaw,Warsaw
stadester-Wroclaw-Poland,17.0386019,51.10929480000001,Wroclaw,Wrocław
stadester-Zabrze-Poland,18.7868698,50.2986109,Zabrze,Zabrze
stadester-Zagan-Poland,15.3248325,51.6178445,Zagan,Zagan
stadester-Zamosc-Poland,23.2519686,50.7230879,Zamosc,Zamosc
stadester-Zielona Góra-Poland,15.5061862,51.9356214,Zielona Góra,Zielona Góra
stadester-Abrantes-Portugal,-8.198256080810468,39.46178215500106,Abrantes,Abrantes
stadester-Almada-Portugal,-9.15,38.68,Almada,Almada
stadester-Arouca-Portugal,-8.25,40.93,Arouca,Arouca
stadester-Aveiro-Portugal,-8.65,40.63,Aveiro,Aveiro
stadester-Beja-Portugal,-7.87,38.02,Beja,Beja
stadester-Braga-Portugal,-8.43,41.55,Braga,Braga
stadester-Braganca-Portugal,-6.756672130846337,41.80600094425491,Braganca,Braganca
stadester-Castelo Branco-Portugal,-7.5,39.82,Castelo Branco,Castelo Branco
stadester-Chaves-Portugal,-7.47,41.73,Chaves,Chaves
stadester-Coimbra-Portugal,-8.4102573,40.2033145,Coimbra,Coimbra
stadester-Coruche-Portugal,-8.52473,38.9596619,Coruche,Coruche
stadester-Covilhã-Portugal,-7.5,40.28,Covilha,Covilha
stadester-Elvas-Portugal,-7.17,38.88,Elvas,Elvas
stadester-Estremoz-Portugal,-7.58,38.85,Estremoz,Estremoz
stadester-Évora-Portugal,-7.9,38.57,Evora,Évora
stadester-Faro-Portugal,-7.93,37.02,Faro,Faro
stadester-Funchal-Portugal,-16.9082357,32.6506129,Funchal,Funchal
stadester-Ílhavo-Portugal,-8.672371,40.602309,Ílhavo,Ílhavo
stadester-Lagos-Portugal,-8.67,37.1,Lagos,Lagos
stadester-Lamego-Portugal,-7.82,41.1,Lamego,Lamego
stadester-Leiria-Portugal,-8.82,39.75,Leiria,Leiria
stadester-Lisboa-Portugal,-9.1393366,38.7222524,Lisbon,Lisboa
stadester-Loulé-Portugal,-8.03,37.13,Loule,Loule
stadester-Ovar-Portugal,-8.6253313,40.8596399,Ovar,Ovar
stadester-Ponta Delgada-Portugal,-25.67,37.73,Ponta Delgada,Ponta Delgada
stadester-Portalegre-Portugal,-7.43,39.28,Portalegre,Portalegre
stadester-Porto-Portugal,-8.629105299999999,41.1579438,Porto,Porto
stadester-Póvoa de Varzim-Portugal,-8.77,41.38,Povoa de Varzim,Povoa de Varzim
stadester-Santarém-Portugal,-8.68,39.23,Santarem,Santarem
stadester-Serpa-Portugal,-7.6,37.93,Serpa,Serpa
stadester-Sesimbra-Portugal,-9.101431471115617,38.44422665164237,Sezimbra,Sezimbra
stadester-Setúbal-Portugal,-8.9,38.53,Setubal,Setubal
stadester-Silves-Portugal,-8.43,37.18,Silves,Silves
stadester-Soure-Portugal,-8.63,40.07,Soure,Soure
stadester-Tavira-Portugal,-7.642591767756667,37.13266561508804,Tavira,Tavira
stadester-Tomar-Portugal,-8.42,39.6,Tomar,Tomar
stadester-Viana do Castelo-Portugal,-8.83,41.7,Viana do Castelo,Viana do Castelo
stadester-Vila Franca de Xira-Portugal,-8.9888982,38.9549979,Vila Franca de Xira,Vila Franca de Xira
stadester-Vila Real-Portugal,-7.75,41.28,Vila Real,Vila Real
stadester-Viseu-Portugal,-7.910645624710445,40.6563408403,Vizeu,Vizeu
stadester-Alba Iulia-Romania,23.5804886,46.07327249999999,Alba Iulia,Alba Iulia
stadester-Arad-Romania,21.3122677,46.1865606,Arad,Arad
stadester-Babadag-Romania,28.7172231,44.8913109,Babadag,Babadag
stadester-Bacâu-Romania,26.9108498,46.5692207,Bacâu,Bacâu
stadester-Baia Mare-Romania,23.5849881,47.6567387,Baia Mare,Baia Mare
stadester-Bistrita-Romania,24.4890979,47.1392617,Bistrita,Bistrita
stadester-Botosani-Romania,26.6658127,47.7406537,Botosani,Botosani
stadester-Brâila-Romania,27.9594714,45.2652463,Brâila,Brâila
stadester-Brasov-Romania,25.5887252,45.6426802,Brasov,Brasov
stadester-Bucuresti-Romania,26.1025384,44.4267674,Bucuresti,Bucuresti
stadester-Buzâu-Romania,26.8171122,45.1371109,Buzâu,Buzâu
stadester-Carei-Romania,22.462143,47.6814513,Carei,Carei
stadester-Cîmpulung-Romania,25.0531038,45.270605,Cîmpulung,Cîmpulung
stadester-Cluj-Napoca-Romania,23.6236353,46.7712101,Cluj-Napoca,Cluj-Napoca
stadester-Constanta-Romania,28.6519359,44.1759147,Constanta,Constanta
stadester-Craiova-Romania,23.7948808,44.3301785,Craiova,Craiova
stadester-Drobeta-Turnu Severin-Romania,22.6597342,44.6369227,Drobeta-Turnu Severin,Drobeta-Turnu Severin
stadester-Focsani-Romania,27.17,45.7,Focsany,Focsany
stadester-Galati-Romania,28.0079945,45.4353208,Galati,Galati
stadester-Giurgiu-Romania,25.9699265,43.9037076,Giurgiu,Giurgiu
stadester-Iasi-Romania,27.6014418,47.1584549,Iasi,Iasi
stadester-Medias-Romania,24.3471665,46.1572828,Medias,Medias
stadester-Oradea-Romania,21.9189438,47.04650050000001,Oradea,Oradea
stadester-Pitesti-Romania,24.8691824,44.8564798,Pitesti,Pitesti
stadester-Ploiesti-Romania,26.0128616,44.936664,Ploiesti,Ploiesti
stadester-Rîmnicu Vîlcea-Romania,24.3693179,45.0996753,Rîmnicu Vîlcea,Rîmnicu Vîlcea
stadester-Roman-Romania,26.9265451,46.9333781,Roman,Roman
stadester-Salonta-Romania,21.6489829,46.8052877,Salonta,Salonta
stadester-Satu Mare-Romania,22.8575926,47.8016702,Satu Mare,Satu Mare
stadester-Sibiu-Romania,24.1449997,45.80347889999999,Sibiu,Sibiu
stadester-Sighisoara-Romania,24.7963878,46.2197025,Sighisoara,Sighisoara
stadester-Sînnicolau Mare-Romania,20.6266085,46.071558,Sînnicolau Mare,Sînnicolau Mare
stadester-Suceava-Romania,26.2732302,47.6634521,Suceava,Suceava
stadester-Timisoara-Romania,21.2322208,45.7557559,Timisoara,Timisoara
stadester-Tîrgoviste-Romania,25.4558274,44.9118218,Tîrgoviste,Tîrgoviste
stadester-Tîrgu Mures-Romania,24.5514392,46.5385862,Tîrgu Mures,Tîrgu Mures
stadester-Turda-Romania,23.7971063,46.564676,Turda,Turda
stadester-Zalâu-Romania,23.0573324,47.1854562,Zalâu,Zalâu
stadester-Archangel'sk-Russia,40.55057679999999,64.5458549,Archangel'sk,Archangel'sk
stadester-Arzamas-Russia,43.8302211,55.3969746,Arzamas,Arzamas
stadester-Astrachan'-Russia,48.0569482,46.3586008,Astrakhan,Astrakhan
stadester-Belgorod-Russia,36.5982621,50.5997134,Belgorod,Belgorod
stadester-Borisoglebsk-Russia,42.0735141,51.3759898,Borisoglebsk,Borisoglebsk
stadester-Borovi`'ci-Russia,33.905388787841346,58.39279758326973,Borovi`'ci,Borovi`'ci
stadester-Br'ansk-Russia,34.41611,53.2635306,Bryansk,Bryansk
stadester-`'Ceboksary-Russia,47.262782,56.11676629999999,`'Ceboksary,`'Ceboksary
stadester-`'Cerepovec-Russia,37.9091811,59.132333,`'Cerepovec,`'Cerepovec
stadester-`'Cernjachovsk-Russia,21.8311353,54.6312721,`'Cernjachovsk,`'Cernjachovsk
stadester-`'Cistopol'-Russia,50.6431128,55.3722381,`'Cistopol',`'Cistopol'
stadester-Derbent-Russia,48.3,42.05,Derbent,Derbent
stadester-Dimitrovgrad-Russia,49.6212477,54.2197652,Dimitrovgrad,Dimitrovgrad
stadester-Dzer`'zinsk-Russia,43.46039469134008,56.236704658316505,Dzer`'zinsk,Dzer`'zinsk
stadester-Èngel's-Russia,46.12,51.48,Engels,Engels
stadester-Gus'ev-Russia,22.2034071,54.594198,Gus'ev,Gus'ev
stadester-Ivanovo-Russia,40.9766453,57.0050671,Ivanovo,Ivanovo
stadester-I`'zevsk-Russia,53.2324285,56.86186009999999,I`'zevsk,I`'zevsk
stadester-Jaroslavl'-Russia,39.8844708,57.62607440000001,Jaroslavl',Jaroslavl'
stadester-Jekaterinburg-Russia,60.64540859999999,56.8430993,Jekaterinburg,Jekaterinburg
stadester-Jelec-Russia,38.4974348,52.61695899999999,Jelec,Jelec
stadester-Jo`'skar-Ola-Russia,47.887727997659844,56.641498730342796,Yoshkar-Ola,Yoshkar-Ola
stadester-Kaliningrad-Russia,20.5,54.72,Kaliningrad,Kaliningrad
stadester-Kaluga-Russia,36.2636786,54.5135904,Kaluga,Kaluga
stadester-Kasimov-Russia,41.3974053,54.9497574,Kasimov,Kasimov
stadester-Kazan'-Russia,49.12332929999999,55.7878944,Kazan',Kazan'
stadester-Kolomna-Russia,38.7688618,55.0937517,Kolomna,Kolomna
stadester-Kostroma-Russia,40.9262609,57.7677078,Kostroma,Kostroma
stadester-Kovrov-Russia,41.3112316,56.3636482,Kovrov,Kovrov
stadester-Kozmodemjansk-Russia,46.5530163,56.3294182,Kozmodemjansk,Kozmodemjansk
stadester-Kron`'stadt-Russia,29.7655452,59.9959303,Kron`'stadt,Kron`'stadt
stadester-Kungur-Russia,56.9397122,57.43164100000001,Kungur,Kungur
stadester-Kursk-Russia,36.1947023,51.7482395,Kursk,Kursk
stadester-Kuzneck-Russia,46.59392159999999,53.1160098,Kuzneck,Kuzneck
stadester-Lipeck-Russia,39.6,52.62,Lipeck,Lipeck
stadester-L'ubercy-Russia,37.88801231981928,55.68075053403153,L'ubercy,L'ubercy
stadester-Macha`'ckala-Russia,47.5146913,42.9777885,Makhachkala,Makhachkala
stadester-Magnitogorsk-Russia,59.06230669999999,53.3927214,Magnitogorsk,Magnitogorsk
stadester-Mcensk-Russia,36.5801449,53.2889377,Mcensk,Mcensk
stadester-Mi`'curinsk-Russia,40.49885834296327,52.892783781095105,Mi`'curinsk,Mi`'curinsk
stadester-Mor`'sansk-Russia,41.81904402231475,53.444568764483876,Mor`'sansk,Mor`'sansk
stadester-Moskva-Russia,37.6150527,55.7568721,Moscow,Moscow
stadester-Mozdok-Russia,44.72,43.75,Mozdok,Mozdok
stadester-Murom-Russia,42.07,55.07,Murom,Murom
stadester-Myti`'s`'ci-Russia,37.75708244097976,55.924212678605564,Mytishchi,Mytishchi
stadester-Nazran-Russia,44.77,43.27,Nazran,Nazran
stadester-Ni`'znij Novgorod-Russia,44.0058793,56.3268684,Nizhny Novgorod,Nizhny Novgorod
stadester-Ni`'znij Tagil-Russia,59.9816186,57.9214912,Ni`'znij Tagil,Ni`'znij Tagil
stadester-Noginsk-Russia,38.44094800000001,55.8555031,Noginsk,Noginsk
stadester-Novgorod-Russia,31.2741928,58.52556980000001,Novgorod,Novgorod
stadester-Novozybkov-Russia,31.9333866,52.5346129,Novozybkov,Novozybkov
stadester-Odincovo-Russia,37.28,55.67,Odintsovo,Odintsovo
stadester-Orechovo-Zu'evo-Russia,38.9667902,55.8034354,Orechovo-Zu'evo,Orechovo-Zu'evo
stadester-Orel-Russia,36.06248980000001,52.9668468,Orel,Orel
stadester-Orenburg-Russia,55.0969796,51.768156,Orenburg,Orenburg
stadester-Orsk-Russia,58.47514200000001,51.2294181,Orsk,Orsk
stadester-Penza-Russia,45,53.2272903,Penza,Penza
stadester-Pereslavl'-Zalesskij-Russia,38.8902603,56.747048,Pereslavl'-Zalesskij,Pereslavl'-Zalesskij
stadester-Perm'-Russia,56.22696740000001,58.00916830000001,Perm',Perm'
stadester-Pervoural'sk-Russia,59.94302279999999,56.9047012,Pervoural'sk,Pervoural'sk
stadester-Petrozavodsk-Russia,34.3640396,61.77816170000001,Petrozavodsk,Petrozavodsk
stadester-Podol'sk-Russia,37.5457647,55.4312453,Podol'sk,Podol'sk
stadester-Pskov-Russia,28.3344734,57.8166994,Pskov,Pskov
stadester-R'azan'-Russia,39.7125857,54.6095418,R'azan',R'azan'
stadester-Rostov-Russia,39.701505,47.2357137,Rostov,Rostov
stadester-Rybinsk-Russia,38.8116968,58.057486,Rybinsk,Rybinsk
stadester-R`'zev-Russia,34.329432622643274,56.258628216661094,R`'zev,R`'zev
stadester-Samara-Russia,50.1606382,53.203772,Samara,Samara
stadester-St Petersburg-Russia,30.3609097,59.9310584,St Petersburg,St Petersburg
stadester-Saransk-Russia,45.1745115,54.2000477,Saransk,Saransk
stadester-Sarapul-Russia,53.8171237,56.4770315,Sarapul,Sarapul
stadester-Saratov-Russia,46.0154123,51.5461754,Saratov,Saratov
stadester-Serdobsk-Russia,44.2028469,52.4559291,Serdobsk,Serdobsk
stadester-Sergijev Posad-Russia,38.136706,56.3151766,Sergijev Posad,Sergijev Posad
stadester-Serpuchov-Russia,37.4229963,54.9179562,Serpuchov,Serpuchov
stadester-Severodvinsk-Russia,39.8505981,64.5661757,Severodvinsk,Severodvinsk
stadester-Smolensk-Russia,32.05,54.78,Smolensk,Smolensk
stadester-So`'ci-Russia,39.72,43.58,Sochi,Sochi
stadester-Solikamsk-Russia,56.7557668,59.6720331,Solikamsk,Solikamsk
stadester-Sovetsk-Russia,21.8787067,55.0788538,Sovetsk,Sovetsk
stadester-Staryj Oskol-Russia,37.8221696,51.2876485,Staryj Oskol,Staryj Oskol
stadester-Sterlitamak-Russia,55.93080089999999,53.630421,Sterlitamak,Sterlitamak
stadester-Suzdal'-Russia,40.4474468,56.4241195,Suzdal',Suzdal'
stadester-Syktyvkar-Russia,50.8168774,61.6641145,Syktyvkar,Syktyvkar
stadester-Syzran'-Russia,48.48,53.17,Syzran,Syzran
stadester-Taganrog-Russia,38.9159658,47.2125752,Taganrog,Taganrog
stadester-Tambov-Russia,41.4396142,52.7371109,Tambov,Tambov
stadester-Toljatti-Russia,49.41821960000001,53.508525,Toljatti,Toljatti
stadester-Tor`'zok-Russia,34.96962448808078,57.03591551885589,Tor`'zok,Tor`'zok
stadester-Tula-Russia,37.6164115,54.1921956,Tula,Tula
stadester-Tver'-Russia,35.9175965,56.85872140000001,Tver',Tver'
stadester-Ufa-Russia,55.9578555,54.73479099999999,Ufa,Ufa
stadester-Ugli`'c-Russia,38.32157080428269,57.52369882523664,Ugli`'c,Ugli`'c
stadester-Ul'janovsk-Russia,48.397776,54.3186575,Ul'janovsk,Ul'janovsk
stadester-Velikie Luki-Russia,30.5314751,56.33960880000001,Velikie Luki,Velikie Luki
stadester-Vjaz'ma-Russia,34.2969554,55.21003839999999,Vjaz'ma,Vjaz'ma
stadester-Vladimir-Russia,40.3895795,56.1428026,Vladimir,Vladimir
stadester-Volgograd-Russia,44.5133034,48.708048,Volgograd,Volgograd
stadester-Vologda-Russia,39.92,59.2,Vologda,Vologda
stadester-Vol'sk-Russia,47.3692266,52.0497081,Vol'sk,Vol'sk
stadester-Vorone`'z-Russia,39.19192880000001,51.6683487,Vorone`'z,Vorone`'z
stadester-Vyborg-Russia,28.749044,60.70956219999999,Vyborg,Vyborg
stadester-San Marino (city)-San Marino,12.42,43.95,Acquaviva,Acquaviva
stadester-Banská Bystrica-Slovakia,19.1461917,48.736277,Banská Bystrica,Banská Bystrica
stadester-Banská `Stiavnica-Slovakia,18.9070093,48.44920159999999,Banská `Stiavnica,Banská `Stiavnica
stadester-Bratislava-Slovakia,17.1077477,48.1485965,Bratislava,Bratislava
stadester-Bre`zová pod Bradlom-Slovakia,17.57,48.67,Brezova,Brezova
stadester-Dob`siná-Slovakia,19.699024,48.669026,Vel'ký Krtí`s,Vel'ký Krtí`s
stadester-Gelnica-Slovakia,20.933943,48.8518087,Gelnica,Gelnica
stadester-Ko`sice-Slovakia,21.2610746,48.7163857,Ko`sice,Ko`sice
stadester-Kremnica-Slovakia,18.9176298,48.7029706,Kremnica,Kremnica
stadester-Levo`ca-Slovakia,20.5843112,49.0202097,Levo`ca,Levo`ca
stadester-Myjava-Slovakia,17.5674634,48.7552968,Myjava,Myjava
stadester-Nitra-Slovakia,18.076376,48.3061414,Nitra,Nitra
stadester-Nové Zámky-Slovakia,18.1571098,47.9881643,Nové Zámky,Nové Zámky
stadester-Pre`sov-Slovakia,21.2393119,49.0018324,Pre`sov,Pre`sov
stadester-Skalica-Slovakia,17.2250302,48.8448118,Skalica,Skalica
stadester-Spi`sská Nová Ves-Slovakia,20.563649,48.9452771,Spi`sská Nová Ves,Spi`sská Nová Ves
stadester-Trnava-Slovakia,17.5833218,48.3709108,Trnava,Trnava
stadester-Koper-Slovenia,13.73,45.55,Koper,Koper
stadester-Ljubljana-Slovenia,14.5057515,46.0569465,Ljubljana,Ljubljana
stadester-Maribor-Slovenia,15.6458812,46.5546503,Maribor,Maribor
stadester-Nova Gorica-Slovenia,13.6493044,45.9549755,Nova Gorica,Nova Gorica
stadester-Adra-Spain,-3.02,36.75,Adra,Adra
stadester-Aguilar de la Frontera-Spain,-4.6566596,37.5138455,Aguilar de la Frontera,Aguilar
stadester-Águilas-Spain,-1.58,37.42,Aguilas,Aguilas
stadester-Alacant-Spain,-0.48,38.37,Alicante,Alicante
stadester-Albacete-Spain,-1.860173,38.9943983,Albacete,Albacete
stadester-Alcalá de Henares-Spain,-3.3688023,40.4843898,Alcalá de Henares,Alcalá de Henares
stadester-Alcalá la Real-Spain,-3.9241021,37.4645203,Alcalá la Real,Alcalá la Real
stadester-Alcañiz-Spain,-0.1335373,41.0510353,Alcañiz,Alcañiz
stadester-Alcázar de San Juan-Spain,-3.2,39.4,Alcazar de San Juan,Alcazar de San Juan
stadester-Alcoi-Spain,-0.4810937,38.6987066,Alcoi,Alcoi
stadester-Algeciras-Spain,-5.456233,36.1407591,Algeciras,Algeciras
stadester-Almansa-Spain,-1.1,38.87,Almansa,Almansa
stadester-Almendralejo-Spain,-6.42,38.68,Almendralejo,Almendralejo
stadester-Almería-Spain,-2.4521658,36.8512151,Almería,Almería
stadester-Altea-Spain,-0.05,38.62,Altea,Altea
stadester-Alzira-Spain,-0.4333643,39.1511854,Alzira,Alzira
stadester-Andújar-Spain,-4.0543833,38.040567,Andujar,Andujar
stadester-Antequera-Spain,-4.5600136,37.0171606,Antequera,Antequera
stadester-Aranda de Duero-Spain,-3.68,41.68,Aranda de Duero,Aranda de Duero
stadester-Arcos de la Frontera-Spain,-5.8116522,36.7560042,Arcos de la Frontera,Arcos
stadester-Aspe-Spain,-0.75,38.35,Aspe,Aspe
stadester-Astorga-Spain,-6.0529746,42.4550572,Astorga,Astorga
stadester-Ávila-Spain,-4.7,40.65,Avila,Avila
stadester-Azuaga-Spain,-5.88,38.27,Azuaga,Azuaga
stadester-Badajoz-Spain,-6.9704837,38.8781352,Badajoz,Badajoz
stadester-Badalona-Spain,2.2456788,41.4492972,Badalona,Badalona
stadester-Baena-Spain,-4.3244513,37.617362,Baena,Baena
stadester-Baeza-Spain,-3.47,37.98,Baeza,Baeza
stadester-Barbastro-Spain,0.1284404,42.0360435,Barbastro,Barbastro
stadester-Barcelona-Spain,2.1686496,41.3874374,Barcelona,Barcelona
stadester-Baza-Spain,-2.75,37.5,Baza,Baza
stadester-Béjar-Spain,-5.7642172,40.3871165,Béjar,Béjar
stadester-Berja-Spain,-2.945068,36.8451829,Berja,Berja
stadester-Bilbao-Spain,-2.9348121,43.2633799,Bilbao,Bilbao
stadester-Burgos-Spain,-3.689354499999999,42.3504659,Burgos,Burgos
stadester-Burriana-Spain,-0.08,39.9,Burriana,Burriana
stadester-Cabra-Spain,-4.443370499999999,37.4730831,Cabra,Cabra
stadester-Cáceres-Spain,-6.3734664,39.4755328,Cáceres,Cáceres
stadester-Cádiz-Spain,-6.2804565,36.5210142,Cádiz,Cádiz
stadester-Calahorra-Spain,-1.97,42.3,Calahorra,Calahorra
stadester-Calatayud-Spain,-1.63,41.35,Calatayud,Calatayud
stadester-Callosa de Segura-Spain,-0.8732975,38.1269393,Callosa de Segura,Callosa de Segura
stadester-Campo de Criptana-Spain,-3.12,39.4,Campo de Criptana,Campo de Criptana
stadester-Caravaca de la Cruz-Spain,-1.8609152,38.1041892,Caravaca de la Cruz,Caravaca de la Cruz
stadester-Carcaixent-Spain,-0.47,39.13,Carcagente,Carcagente
stadester-Carmona-Spain,-5.6418214,37.471274,Carmona,Carmona
stadester-Cartagena-Spain,-0.9972219,37.6253022,Cartagena,Cartagena de Indias
stadester-Castelló de la Plana-Spain,-0.03,39.98,Castellon-de-la-Plana,Castellon-de-la-Plana
stadester-Ceuta-Spain,-5.3213455,35.8893874,Ceuta,Ceuta
stadester-Ciempozuelos-Spain,-3.6192473,40.157955,Ciempozuelos,Ciempozuelos
stadester-Cieza-Spain,-1.42,38.23,Cieza,Cieza
stadester-Ciudad Real-Spain,-3.93,38.98,Ciudad Real,Ciudad Real
stadester-Ciudad Rodrigo-Spain,-6.53,40.6,Ciudad Rodrigo,Ciudad Rodrigo
stadester-Colmenar Viejo-Spain,-3.7710457,40.6626481,Colmenar Viejo,Colmenar Viejo
stadester-Córdoba-Spain,-4.779275300000001,37.8893025,Cordoba,Córdoba
stadester-Coruña (A -)-Spain,-8.4103923,43.3637626,Coruña,Coruña
stadester-Crevillente-Spain,-0.8,38.25,Crevillente,Crevillente
stadester-Cuenca-Spain,-2.13,40.07,Cuenca,Cuenca
stadester-Cullera-Spain,-0.25,39.17,Cullera,Cullera
stadester-Daimiel-Spain,-3.6134757,39.0706493,Daimiel,Daimiel
stadester-Don Benito-Spain,-5.87,38.95,Don Benito,Don Benito
stadester-Donostia-San Sebastián-Spain,-1.9817051,43.318237,Donostia-San Sebastián,Donostia-San Sebastián
stadester-Écija-Spain,-5.08,37.53,Ecija,Écija
stadester-Elx-Spain,-0.68,38.25,Elche,Elche
stadester-Erandio-Spain,-3.74922,40.46366700000001,Getxo,Getxo
stadester-Estepa-Spain,-4.9,37.3,Estepa,Estepa
stadester-Felanitx-Spain,3.13,39.47,Felanitx,Felanitx
stadester-Ferrol-Spain,-8.2192169,43.4900742,Ferrol,Ferrol
stadester-Figueres-Spain,2.9579232,42.2654818,Figueres,Figueres
stadester-Fraga-Spain,0.35,41.53,Fraga,Fraga
stadester-Fuenlabrada-Spain,-3.8035477,40.2902056,Fuenlabrada,Fuenlabrada
stadester-Gandia-Spain,-0.1844671,38.968032,Gandia,Gandia
stadester-Getafe-Spain,-3.7323934,40.3082504,Getafe,Getafe
stadester-Gijón-Spain,-5.660973299999999,43.5322493,Gijón,Gijón
stadester-Girona-Spain,2.8214264,41.9794005,Girona,Girona
stadester-Granada-Spain,-3.601167599999999,37.1824607,Granada,Granada
stadester-Guadalajara-Spain,-3.17,40.63,Guadalajara,Guadalajara
stadester-Guadix-Spain,-3.1404188,37.3008155,Guadix,Guadix
stadester-Hellín-Spain,-1.72,38.52,Hellin,Hellin
stadester-Hinojosa del Duque-Spain,-5.15,38.5,Hinojosa del Duque,Hinojosa del Duque
stadester-Huelva-Spain,-6.95,37.27,Huelva,Huelva
stadester-Huércal-Overa-Spain,-1.9416877,37.3962183,Huércal-Overa,Huércal-Overa
stadester-Huesca-Spain,-0.42,42.13,Huesca,Huesca
stadester-Igualada-Spain,1.62,41.58,Igualada,Igualada
stadester-Iruña-Spain,-1.63,42.82,Pamplona,Pamplona
stadester-Jaca-Spain,-0.5470554,42.57171659999999,Jaca,Jaca
stadester-Jaén-Spain,-3.78,37.77,Jaen,Jaén
stadester-Jerez de la Frontera-Spain,-6.126074399999999,36.6850064,Jerez de la Frontera,Jerez
stadester-Jerez de los Caballeros-Spain,-6.77,38.32,Jerez de los Caballeros,Jerez de los Caballeros
stadester-Jumilla-Spain,-1.32,38.47,Jumilla,Jumilla
stadester-Lebrija-Spain,-6.0758624,36.9197889,Lebrija,Lebrija
stadester-Leganés-Spain,-3.7686545,40.3319506,Leganés,Leganés
stadester-León-Spain,-5.5718779,42.59836110000001,León,León
stadester-Lleida-Spain,0.62,41.62,Lerida,Lerida
stadester-Llíria-Spain,-0.62,39.63,Liria,Liria
stadester-Logroño-Spain,-2.45,42.47,Logrono,Logrono
stadester-Loja-Spain,-4.149075,37.1661897,Loja,Loja
stadester-Lora del Río-Spain,-5.52761,37.6556349,Lora del Río,Lora del Río
stadester-Lorca-Spain,-1.7,37.67,Lorca,Lorca
stadester-Lucena-Spain,-4.48,37.4,Lucena,Lucena
stadester-Lugo-Spain,-7.556398600000001,43.0071361,Lugo,Lugo
stadester-Madrid-Spain,-3.7032905,40.41672790000001,Madrid,Madrid
stadester-Mahón-Spain,4.25,39.9,Mahon,Mahon
stadester-Málaga-Spain,-4.425557,36.7178196,Málaga,Málaga
stadester-Manacor-Spain,3.2,39.58,Manacor,Manacor
stadester-Manresa-Spain,1.8225882,41.7297841,Manresa,Manresa
stadester-Manzanares-Spain,-3.38,39,Manzanares,Manzanares
stadester-Marchena-Spain,-5.4162096,37.3271048,Marchena,Marchena
stadester-Martos-Spain,-3.9699874,37.7182399,Martos,Martos
stadester-Mataró-Spain,2.45,41.53,Mataro,Mataro
stadester-Medina del Campo-Spain,-4.92,41.3,Medina del Campo,Medina del Campo
stadester-Mérida-Spain,-6.365157,38.9394272,Merida,Mérida
stadester-Monforte de Lemos-Spain,-7.5,42.53,Monforte de Lemos,Monforte de Lemos
stadester-Monòver-Spain,-0.840116,38.4359831,Monòver,Monòver
stadester-Montilla-Spain,-4.65,37.6,Montilla,Montilla
stadester-Montoro-Spain,-4.3834962,38.02265269999999,Montoro,Montoro
stadester-Morón de la Frontera-Spain,-5.4541928,37.1211901,Morón de la Frontera,Morón
stadester-Motril-Spain,-3.52,36.75,Motril,Motril
stadester-Mula-Spain,-1.4920384,38.0397022,Mula,Mula
stadester-Murcia-Spain,-1.12,37.98,Murcia,Murcia
stadester-Níjar-Spain,-2.2,36.97,Nijar,Nijar
stadester-Novelda-Spain,-0.77,38.38,Novelda,Novelda
stadester-Olivenza-Spain,-7.1,38.68,Olivenza,Olivenza
stadester-Olot-Spain,2.5,42.18,Olot,Olot
stadester-Ontinyent-Spain,-0.6056767,38.822643,Ontinyent,Ontinyent
stadester-Orihuela-Spain,-0.95,38.08,Orihuela,Orihuela
stadester-Osuna-Spain,-5.102903599999999,37.2372108,Osuna,Osuna
stadester-Ourense-Spain,-7.863880999999998,42.33578929999999,Ourense,Ourense
stadester-Oviedo-Spain,-5.8485461,43.3622522,Oviedo,Oviedo
stadester-Palencia-Spain,-4.5288016,42.0096857,Palencia,Palencia
stadester-Palma de Mallorca-Spain,2.6568551,39.5726541,Palma de Majorca,Palma de Majorca
stadester-Palmas de Gran Canaria (Las -)-Spain,-15.4362575,28.1235475,Las Palmas,Las Palmas
stadester-Pego-Spain,-0.1156439,38.8429394,Pego,Pego
stadester-Plasencia-Spain,-6.08,40.03,Plasencia,Plasencia
stadester-Pontevedra-Spain,-8.6446202,42.4298846,Pontevedra,Pontevedra
stadester-Pozoblanco-Spain,-4.8516509,38.3806591,Pozoblanco,Pozoblanco
stadester-Priego de Córdoba-Spain,-4.1987434,37.437791,Priego de Córdoba,Priego de Córdoba
stadester-Puente Genil-Spain,-4.77,37.4,Puente Genil,Puente Genil
stadester-Puerto de Santa María (El -)-Spain,-6.23,36.6,Puerto de Santa Maria,Puerto de Santa Maria
stadester-Puerto Real-Spain,-6.18,36.53,Puerto Real,Puerto Real
stadester-Requena-Spain,-1.0993366,39.4890265,Requena,Requena
stadester-Reus-Spain,1.12,41.15,Reus,Reus
stadester-Ronda-Spain,-5.161225099999999,36.746209,Ronda,Ronda
stadester-Rota-Spain,-6.35,36.62,Rota,Rota
stadester-Sabadell-Spain,2.1089255,41.5467643,Sabadell,Sabadell
stadester-Salamanca-Spain,-5.663539699999999,40.9701039,Salamanca,Salamanca
stadester-San Cristóbal de La Laguna-Spain,-16.3,28.48,San Cristobal de la Laguna,San Cristobal de la Laguna
stadester-San Fernando-Spain,-6.196594800000001,36.4718646,San Fernando,San Fernando
stadester-San Roque-Spain,-5.38,36.22,San Roque,San Roque
stadester-Sanlúcar de Barrameda-Spain,-6.3549026,36.7720608,Sanlúcar de Barrameda,Sanlúcar de Barrameda
stadester-Santa Cruz de Tenerife-Spain,-16.2518467,28.4636296,Santa Cruz de Tenerife,Santa Cruz de Tenerife
stadester-Santander-Spain,-3.8226402,43.4636346,Santander,Santander
stadester-Santiago de Compostela-Spain,-8.5441729,42.8768606,Santiago de Compostela,Santiago de Compostela
stadester-Segovia-Spain,-4.108806899999999,40.9429032,Segovia,Segovia
stadester-Sevilla-Spain,-5.9844589,37.3890924,Seville,Sevilla
stadester-Solana (La -)-Spain,-3.2392014,38.94160129999999,Solana,Solana
stadester-Sóller-Spain,2.7,39.77,Soller,Soller
stadester-Soria-Spain,-2.4790872,41.766436,Soria,Soria
stadester-Tafalla-Spain,-1.6751622,42.5265428,Tafalla,Tafalla
stadester-Talavera de la Reina-Spain,-4.83,39.95,Talavera,Talavera
stadester-Tarazona-Spain,-1.7222535,41.90429719999999,Tarazona,Tarazona
stadester-Tarifa-Spain,-5.6044497,36.0143209,Tarifa,Tarifa
stadester-Tarragona-Spain,1.2449435,41.1188392,Tarragona,Tarragona
stadester-Terrassa-Spain,2.0054917,41.56314820000001,Terrassa,Terrassa
stadester-Teruel-Spain,-1.1,40.35,Teruel,Teruel
stadester-Tineo-Spain,-6.411728999999999,43.3343326,Tineo,Tineo
stadester-Toledo-Spain,-4.02,39.87,Toledo,Toledo
stadester-Tolosa-Spain,-2.0750946,43.1347544,Tolosa,Tolosa
stadester-Tomelloso-Spain,-3.02,39.15,Tomelloso,Tomelloso
stadester-Torredonjimeno-Spain,-3.95,37.77,Torredonjimeno,Torredonjimeno
stadester-Tortosa-Spain,0.5214423,40.8125777,Tortosa,Tortosa
stadester-Totana-Spain,-1.5,37.77,Totana,Totana
stadester-Trujillo-Spain,-5.88,39.47,Trujillo,Trujillo
stadester-Tudela-Spain,-1.6,42.08,Tudela,Tudela
stadester-Tui-Spain,-8.6466464,42.04916060000001,Tui,Tui
stadester-Úbeda-Spain,-3.3712457,38.0114236,Úbeda,Úbeda
stadester-Utiel-Spain,-1.2062803,39.5712636,Utiel,Utiel
stadester-Utrera-Spain,-5.7795147,37.1848134,Utrera,Utrera
stadester-Valdepeñas-Spain,-3.3876074,38.760524,Valdepeñas,Valdepeñas
stadester-Valencia-Spain,-0.3756348,39.4738338,Valencia,València
stadester-Vall d'Uixó (la -)-Spain,-0.25,39.82,Vall de Ujo,Vall de Ujo
stadester-Valladolid-Spain,-4.722273299999999,41.6543639,Valladolid,Valladolid
stadester-Valls-Spain,1.25,41.28,Valls,Valls
stadester-Vélez-Málaga-Spain,-4.1,36.78,Velez Malaga,Velez Malaga
stadester-Vélez-Rubio-Spain,-2.07,37.65,Velez Rubio,Velez Rubio
stadester-Vic-Spain,2.27,41.93,Vich,Vich
stadester-Vigo-Spain,-8.72,42.23,Vigo,Vigo
stadester-Vila Joiosa (la -)-Spain,-0.23,38.5,Villajoyosa,Villajoyosa
stadester-Vilanova i la Geltrú-Spain,1.73,41.23,Villanueva y Geltru,Villanueva y Geltru
stadester-Vila-real-Spain,-0.13,39.93,Villarreal,Villarreal
stadester-Villacarrillo-Spain,-3.08,38.12,Villacarrillo,Villacarrillo
stadester-Villafranca de los Barros-Spain,-6.33,38.57,Villafranca de los Barros,Villafranca de los Barros
stadester-Villanueva de Córdoba-Spain,-4.628506199999999,38.3222465,Villanueva de Córdoba,Villanueva de Córdoba
stadester-Villanueva de la Serena-Spain,-5.7997323,38.97357520000001,Villanueva de la Serena,Villanueva de la Serena
stadester-Villarrobledo-Spain,-2.6,39.27,Villarrobledo,Villarrobledo
stadester-Villena-Spain,-0.85,38.63,Villena,Villena
stadester-Vinaròs-Spain,0.47,40.48,Vinaroz,Vinaroz
stadester-Vitoria-Gasteiz-Spain,-2.6732421,42.8531869,Vitoria-Gasteiz,Vitoria-Gasteiz
stadester-Viveiro-Spain,-7.594534800000001,43.6642649,Viveiro,Viveiro
stadester-Xàbia-Spain,0.16637328611318192,38.78893906092875,Javea,Javea
stadester-Xàtiva-Spain,-0.5235474,38.9899566,Xàtiva,Xàtiva
stadester-Yecla-Spain,-1.12,38.6,Yecla,Yecla
stadester-Zamora-Spain,-5.7467879,41.5034712,Zamora,Zamora
stadester-Zaragoza-Spain,-0.8861451,41.6474339,Zaragoza,Zaragoza
stadester-Arboga-Sweden,15.8381747,59.39368829999999,Arboga,Arboga
stadester-Falun-Sweden,15.6355,60.60646000000001,Falun,Falun
stadester-Gävle-Sweden,17.1412726,60.6748796,Gävle,Gävle
stadester-Göteborg-Sweden,11.97456,57.70887,Gothenburg,Gothenburg
stadester-Helsingborg-Sweden,12.6945121,56.0464674,Helsingborg,Helsingborg
stadester-Jönköping-Sweden,14.1617876,57.78261370000001,Jönköping,Jönköping
stadester-Kalmar-Sweden,16.356779,56.6634447,Kalmar,Kalmar
stadester-Karlskrona-Sweden,15.5869,56.161224,Karlskrona,Karlskrona
stadester-Landskrona-Sweden,12.8300802,55.8703477,Landskrona,Landskrona
stadester-Linköping-Sweden,15.6213727,58.41080700000001,Linköping,Linköping
stadester-Lund-Sweden,13.1910073,55.7046601,Lund,Lund
stadester-Malmö-Sweden,13.003822,55.604981,Malmö,Malmö
stadester-Norrköping-Sweden,16.192421,58.587745,Norrköping,Norrköping
stadester-Örebro-Sweden,15.2134105,59.2752626,Örebro,Örebro
stadester-Stockholm-Sweden,18.0656255,59.3327036,Stockholm,Stockholm
stadester-Uddevalla-Sweden,11.935649,58.3498003,Uddevalla,Uddevalla
stadester-Uppsala-Sweden,17.6389267,59.85856380000001,Uppsala,Uppsala
stadester-Västerås-Sweden,16.5448091,59.60990049999999,Västerås,Västerås
stadester-Västervik-Sweden,16.6369759,57.75771559999999,Västervik,Västervik
stadester-Visby-Sweden,18.29484,57.6348,Visby,Visby
stadester-Altstätten-Switzerland,9.55,47.38,Altstaetten,Altstaetten
stadester-Basel-Switzerland,7.5885761,47.5595986,Basel,Basel
stadester-Bern-Switzerland,7.4474468,46.9479739,Bern,Bern
stadester-Chur-Switzerland,9.5319859,46.8507835,Chur,Chur
stadester-Fribourg-Switzerland,7.161971899999999,46.8064773,Fribourg,Fribourg
stadester-Genève-Switzerland,6.1431577,46.2043907,Geneva,Geneva
stadester-Herisau-Switzerland,9.2798472,47.3857009,Herisau,Herisau
stadester-La Chaux-de-Fonds-Switzerland,6.832783800000001,47.1034892,Chaux de Fonds,Chaux de Fonds
stadester-Lausanne-Switzerland,6.6322734,46.5196535,Lausanne,Lausanne
stadester-Le Locle-Switzerland,6.7487354,47.0577195,Le Locle,Le Locle
stadester-Lugano-Switzerland,8.951051999999999,46.0036778,Lugano,Lugano
stadester-Luzern-Switzerland,8.3093072,47.05016819999999,Luzern,Luzern
stadester-Montreux-Switzerland,6.92,46.43,Montreux,Montreux
stadester-Neuchâtel-Switzerland,6.9245758,46.9900538,Neuchatel,Neuchatel
stadester-Sankt Gallen-Switzerland,9.3767173,47.4244818,St Gallen,St Gallen
stadester-Schaffhausen-Switzerland,8.6380488,47.6958897,Schaffhausen,Schaffhausen
stadester-Schwyz-Switzerland,8.653064064632355,47.02070012537462,Schwytz,Schwytz
stadester-Sion-Switzerland,7.360899661581828,46.233228850928306,Sion,Sion
stadester-Solothurn-Switzerland,7.532291,47.2088348,Solothurn,Solothurn
stadester-Vevey-Switzerland,6.8419192,46.4628333,Vevey-Montreux,Vevey-Montreux
stadester-Winterthur-Switzerland,8.723688899999999,47.4988196,Winterthur,Winterthur
stadester-Zürich-Switzerland,8.541694,47.3768866,Zurich,Zurich
stadester-Berdy`civv-Ukraine,28.58972907752464,49.910642334317465,Berdy`civv,Berdy`civv
stadester-Bilhorod-Dnistrovs'kyj-Ukraine,30.3414908,46.1854516,Bilhorod-Dnistrovs'kyj,Bilhorod-Dnistrovs'kyj
stadester-`Cerkasy-Ukraine,32.065021334094425,49.441150409607296,`Cerkasy,`Cerkasy
stadester-`Cernihiv-Ukraine,31.28935,51.4982,`Cernihiv,`Cernihiv
stadester-`Cernivci-Ukraine,25.9356008,48.2924827,`Cernivci,`Cernivci
stadester-Charkiv-Ukraine,36.3073994,50.00201269999999,Kharkiv,Kharkiv
stadester-Cherson-Ukraine,32.616867,46.635417,Cherson,Cherson
stadester-Dnipropetrovs'k-Ukraine,35.046183,48.464717,Dnipropetrovsk,Dnipropetrovsk
stadester-Feodosija-Ukraine,35.38011801537567,45.04998481133145,Feodosija,Feodosija
stadester-Hotin-Ukraine,26.4903334,48.5097106,Hotin,Hotin
stadester-Ivano-Frankivs'k-Ukraine,24.7089157,48.9200616,Ivano-Frankivs'k,Ivano-Frankivs'k
stadester-Izjum-Ukraine,37.2665006,49.2121445,Izjum,Izjum
stadester-Izmaïl-Ukraine,28.8501919,45.3501944,Izmail,Izmail
stadester-Jevpatorija-Ukraine,33.366867,45.19045,Jevpatorija,Jevpatorija
stadester-Kam'janec'-Podil's'kyj-Ukraine,26.5825364,48.6967162,Kam'janec'-Podil's'kyj,Kam'janec'-Podil's'kyj
stadester-Ker`c-Ukraine,36.469551138796405,45.35942016552072,Ker`c,Ker`c
stadester-Kirovohrad-Ukraine,32.2641984,48.5070977,Kirovohrad,Kirovohrad
stadester-Konotop-Ukraine,33.2050521,51.2409432,Konotop,Konotop
stadester-Kremen`cuk-Ukraine,33.41000559141547,49.06634761046835,Kremen`cuk,Kremen`cuk
stadester-Kryvyi Rih-Ukraine,33.391783,47.910483,Kryvyi Rih,Kryvyi Rih
stadester-Kyjiv-Ukraine,30.5245025,50.4503596,Kiev,Kiev
stadester-L'viv-Ukraine,24.029717,49.839683,L'viv,L'viv
stadester-Mariupol'-Ukraine,37.543367,47.097133,Mariupol',Mariupol'
stadester-Mogiliv-Podil's'kyj-Ukraine,27.7929285,48.4584391,Mogiliv-Podil's'kyj,Mogiliv-Podil's'kyj
stadester-Ni`zyn-Ukraine,31.887752871860613,51.037728943233674,Ni`zyn,Ni`zyn
stadester-Ochtyrka-Ukraine,34.9005644,50.3150962,Ochtyrka,Ochtyrka
stadester-Odesa-Ukraine,30.7306393,46.4702111,Odesa,Odesa
stadester-Poltava-Ukraine,34.551417,49.58826699999999,Poltava,Poltava
stadester-Pryluky-Ukraine,32.3875825,50.5884714,Pryluky,Pryluky
stadester-Rivne-Ukraine,26.2521127,50.6190674,Rivne,Rivne
stadester-Sevastopil'-Ukraine,33.525367,44.61665,Sevastopil',Sevastopil'
stadester-Simferopol'-Ukraine,34.08,44.95,Simferopol,Simferopol
stadester-Sumy-Ukraine,34.7981,50.9077,Sumy,Sumy
stadester-Ternopil'-Ukraine,25.5952184,49.55104439999999,Ternopil',Ternopil'
stadester-Uman-Ukraine,30.2214499,48.74939269999999,Uman,Uman
stadester-`Zytomyr-Ukraine,28.6666776,50.2615588,`Zytomyr,`Zytomyr
stadester-Ashton-under-Lyne-United Kingdom,-2.1,53.48,Ashton-under-Lyne,Ashton-under-Lyne
stadester-Barnsley-United Kingdom,-1.479726,53.55263,Barnsley,Barnsley
stadester-Bath-United Kingdom,-2.3596827,51.3781018,Bath,Bath
stadester-Beverley-United Kingdom,-0.435093,53.841963,Beverley,Beverley
stadester-Birmingham-United Kingdom,-1.8900078,52.4822694,Birmingham,Birmingham
stadester-Blackburn-United Kingdom,-2.487529,53.748575,Blackburn,Blackburn
stadester-Bolton-United Kingdom,-2.4282192,53.57686469999999,Bolton,Bolton
stadester-Bournemouth-United Kingdom,-1.8667169,50.7220101,Bournemouth,Bournemouth
stadester-Bradford-United Kingdom,-1.7563583,53.7937996,Bradford,Bradford
stadester-Brighton-United Kingdom,-0.1362767,50.8233304,Brighton,Brighton
stadester-Bristol-United Kingdom,-2.58791,51.454513,Bristol,Bristol
stadester-Bromsgrove-United Kingdom,-2.061906,52.335589,Bromsgrove,Bromsgrove
stadester-Burnley-United Kingdom,-2.2405035,53.7892877,Burnley,Burnley
stadester-Bury-United Kingdom,-2.2966054,53.5933498,Bury,Bury
stadester-Bury Saint Edmunds-United Kingdom,0.72,52.25,Bury-st-Edmunds,Bury-st-Edmunds
stadester-Calderdale-United Kingdom,-1.8658357,53.7247845,Calderdale,Calderdale
stadester-Cambridge-United Kingdom,0.1312729,52.1950788,Cambridge,Cambridge
stadester-Canterbury-United Kingdom,1.0837855,51.2770331,Canterbury,Canterbury
stadester-Carlisle-United Kingdom,-2.932931,54.892473,Carlisle,Carlisle
stadester-Chatham-United Kingdom,0.54,51.36,Chatham,Chatham
stadester-Chelmsford-United Kingdom,0.4685497,51.7355868,Chelmsford,Chelmsford
stadester-Cheltenham-United Kingdom,-2.07,51.9,Cheltenham,Cheltenham
stadester-Chester-United Kingdom,-2.893075,53.193392,Chester,Chester
stadester-Chesterfield-United Kingdom,-1.42,53.25,Chesterfield,Chesterfield
stadester-Chichester-United Kingdom,-0.774936,50.83761000000001,Chichester,Chichester
stadester-Colchester-United Kingdom,0.8918740000000001,51.895927,Colchester,Colchester
stadester-Coventry-United Kingdom,-1.5089521,52.4128163,Coventry,Coventry
stadester-Crawley-United Kingdom,-0.18,51.12,Crawley,Crawley
stadester-Crewe-United Kingdom,-2.4438209,53.10040499999999,Crewe,Crewe
stadester-Croydon-United Kingdom,-0.0956895,51.3769529,Croydon,Croydon
stadester-Darlington-United Kingdom,-1.559458,54.52361,Darlington,Darlington
stadester-Derby-United Kingdom,-1.4746186,52.9225301,Derby,Derby
stadester-Doncaster-United Kingdom,-1.132336,53.5227501,Doncaster,Doncaster
stadester-Dover-United Kingdom,1.3134027,51.1278758,Dover,Dover
stadester-Dudley-United Kingdom,-2.0865972,52.5106724,Dudley,Dudley
stadester-Durham-United Kingdom,-1.584852,54.77525,Durham,Durham
stadester-East Ham-United Kingdom,0.07,51.5,Woolwich,Woolwich
stadester-Exeter-United Kingdom,-3.52,50.72,Exeter,Exeter
stadester-Gateshead-United Kingdom,-1.603411,54.95268,Gateshead,Gateshead
stadester-Gloucester-United Kingdom,-2.24,51.87,Gloucester,Gloucester
stadester-Gosport-United Kingdom,-1.12,50.79,Gosport,Gosport
stadester-Gravesend-United Kingdom,0.37,51.44,Gravesend,Gravesend
stadester-Great Yarmouth-United Kingdom,1.728047,52.598233,Great Yarmouth,Great Yarmouth
stadester-Greenwich-United Kingdom,0.0098214,51.4933675,Greenwich,Greenwich
stadester-Grimsby-United Kingdom,-0.080784,53.567471,Grimsby,Grimsby
stadester-Guildford-United Kingdom,-0.570409,51.23622,Guildford,Guildford
stadester-Hanley-United Kingdom,-2.1775308,53.0271687,Hanley,Hanley
stadester-Hartlepool-United Kingdom,-1.212926,54.691745,Hartlepool,Hartlepool
stadester-Hereford-United Kingdom,-2.72,52.06,Hereford,Hereford
stadester-Huddersfield-United Kingdom,-1.785035,53.645792,Huddersfield,Huddersfield
stadester-Ipswich-United Kingdom,1.1612327256293347,52.05347055557675,Ipswich,Ipswich
stadester-Kidderminster-United Kingdom,-2.25,52.39,Kidderminster,Kidderminster
stadester-King's Lynn-United Kingdom,0.4,52.75,King's Lynn,King's Lynn
stadester-Kingston upon Hull-United Kingdom,-0.3273025,53.7674909,Kingston upon Hull,Kingston upon Hull
stadester-Lancaster-United Kingdom,-2.799346700000001,54.0449072,Lancaster,Lancaster
stadester-Leeds-United Kingdom,-1.5490774,53.8007554,Leeds,Leeds
stadester-Leicester-United Kingdom,-1.1397592,52.6368778,Leicester,Leicester
stadester-Lincoln-United Kingdom,-0.54,53.23,Lincoln,Lincoln
stadester-Liverpool-United Kingdom,-2.9915726,53.4083714,Liverpool,Liverpool
stadester-London-United Kingdom,-0.1275862,51.5072178,London,London
stadester-Loughborough-United Kingdom,-1.2,52.77,Loughborough,Loughborough
stadester-Luton-United Kingdom,-0.4,51.9,Luton,Luton
stadester-Macclesfield-United Kingdom,-2.119287,53.258663,Macclesfield,Macclesfield
stadester-Maidstone-United Kingdom,0.5227244999999999,51.2704083,Maidstone,Maidstone
stadester-Manchester-United Kingdom,-2.2426305,53.4807593,Manchester,Manchester
stadester-Mansfield-United Kingdom,-1.198674,53.147195,Mansfield,Mansfield
stadester-Margate-United Kingdom,1.38,51.39,Margate,Margate
stadester-Newark-on-Trent-United Kingdom,-0.809773,53.0744766,Newark-on-Trent,Newark-on-Trent
stadester-Newbury-United Kingdom,-1.3231139,51.401409,Newbury,Newbury
stadester-Newcastle-under-Lyme-United Kingdom,-2.2273002,53.013208,Newcastle-under-Lyme,Newcastle-under-Lyme
stadester-Newcastle upon Tyne-United Kingdom,-1.61778,54.978252,Newcastle upon Tyne,Newcastle upon Tyne
stadester-Northampton-United Kingdom,-0.9,52.23,Northampton,Northampton
stadester-North Shields-United Kingdom,-1.449138,55.010762,North Shields,North Shields
stadester-Norwich-United Kingdom,1.2978802,52.6292567,Norwich,Norwich
stadester-Nottingham-United Kingdom,-1.1549892,52.9540223,Nottingham,Nottingham
stadester-Nuneaton-United Kingdom,-1.4723447,52.5224847,Nuneaton,Nuneaton
stadester-Oldham-United Kingdom,-2.12,53.54,Oldham,Oldham
stadester-Oxford-United Kingdom,-1.2577263,51.7520209,Oxford,Oxford
stadester-Peterborough-United Kingdom,-0.2407996999999999,52.57031689999999,Peterborough,Peterborough
stadester-Plymouth-United Kingdom,-4.1426565,50.3754565,Plymouth,Plymouth
stadester-Poole-United Kingdom,-1.987260069360964,50.71502338303383,Poole,Poole
stadester-Portsmouth-United Kingdom,-1.0879769,50.8197675,Portsmouth,Portsmouth
stadester-Preston-United Kingdom,-2.7046445,53.75915759999999,Preston,Preston
stadester-Reading-United Kingdom,-0.9787475,51.45512009999999,Reading,Reading
stadester-Rochdale-United Kingdom,-2.1561,53.6097136,Rochdale,Rochdale
stadester-Rochester-United Kingdom,0.506721,51.38800000000001,Rochester,Rochester
stadester-Rotherham-United Kingdom,-1.3635009,53.4326035,Rotherham,Rotherham
stadester-Royal Tunbridge Wells-United Kingdom,0.263695,51.132377,Royal Tunbridge Wells,Royal Tunbridge Wells
stadester-Rugby-United Kingdom,-1.265032,52.370878,Rugby,Rugby
stadester-Saint Albans-United Kingdom,-0.34,51.76,St Albans,St Albans
stadester-Saint Helens-United Kingdom,-2.737095,53.456307,Saint Helens,Saint Helens
stadester-Salisbury-United Kingdom,-1.794472,51.068785,Salisbury,Salisbury
stadester-Scarborough-United Kingdom,-0.399752,54.283113,Scarborough,Scarborough
stadester-Sheffield-United Kingdom,-1.470085,53.38112899999999,Sheffield,Sheffield
stadester-Shrewsbury-United Kingdom,-2.75,52.71,Shrewsbury,Shrewsbury
stadester-Slough-United Kingdom,-0.59,51.51,Slough,Slough
stadester-Southampton-United Kingdom,-1.4049018,50.9105468,Southampton,Southampton
stadester-South Shields-United Kingdom,-1.4277975,54.9958484,South Shields,South Shields
stadester-Stafford-United Kingdom,-2.1219612,52.8067775,Stafford,Stafford
stadester-Stockport-United Kingdom,-2.1575332,53.41063159999999,Stockport,Stockport
stadester-Stockton-on-Tees-United Kingdom,-1.3289821,54.5704551,Stockton-on-Tees,Stockton-on-Tees
stadester-Stoke-on-Trent-United Kingdom,-2.1827408,53.0033369,Stoke on Trent,Stoke on Trent
stadester-Stroud-United Kingdom,-2.217758,51.745734,Stroud,Stroud
stadester-Sunderland-United Kingdom,-1.3811746,54.9044161,Sunderland,Sunderland
stadester-Sutton Coldfield-United Kingdom,-1.82,52.56,Sutton Coldfield,Sutton Coldfield
stadester-Tameside-United Kingdom,-2.0973854,53.4872256,Tameside,Tameside
stadester-Taunton-United Kingdom,-3.106849,51.015344,Taunton,Taunton
stadester-Saint Peter Port-United Kingdom,-3.435973,55.378051,Saint Peter Port,Saint Peter Port
stadester-Tower Hamlets-United Kingdom,-0.0347399,51.5251066,Tower Hamlets,Tower Hamlets
stadester-Tynemouth-United Kingdom,-1.4255819,55.0175869,Tynemouth,Tynemouth
stadester-Wakefield-United Kingdom,-1.5038596,53.6848162,Wakefield,Wakefield
stadester-Walsall-United Kingdom,-1.984534,52.5866367,Walsall,Walsall
stadester-Warrington-United Kingdom,-2.6,53.39,Warrington,Warrington
stadester-Warwick-United Kingdom,-1.5848342,52.28223209999999,Warwick,Warwick
stadester-West Bromwich-United Kingdom,-1.995159,52.517664,West Bromwich,West Bromwich
stadester-Wigan-United Kingdom,-2.6325074,53.5450645,Wigan,Wigan
stadester-Winchester-United Kingdom,-1.310142,51.059771,Winchester,Wintanceaster
stadester-Windsor-United Kingdom,-0.6157136999999999,51.48034209999999,Windsor,Windsor
stadester-Wolverhampton-United Kingdom,-2.1256587,52.5868159,Wolverhampton,Wolverhampton
stadester-Worcester-United Kingdom,-2.22,52.19,Worcester,Worcester
stadester-York-United Kingdom,-1.08,53.97,York,York
stadester-Belfast-United Kingdom,-5.93012,54.59728500000001,Belfast,Belfast
stadester-Derry-United Kingdom,-7.32,55,Londonderry,Londonderry
stadester-Aberdeen-United Kingdom,-2.0937528,57.1498891,Aberdeen,Aberdeen
stadester-Dundee-United Kingdom,-2.970721,56.462018,Dundee,Dundee
stadester-Edinburgh-United Kingdom,-3.188267,55.953252,Edinburgh,Edinburgh
stadester-Glasgow-United Kingdom,-4.2583345,55.86167039999999,Glasgow,Glasgow
stadester-Greenock-United Kingdom,-4.771983,55.95647599999999,Greenock,Greenock
stadester-Hamilton-United Kingdom,-4.053679,55.77763299999999,Hamilton,Hamilton
stadester-Inverness-United Kingdom,-4.23,57.47,Inverness,Inverness
stadester-Kirkcaldy-United Kingdom,-3.1664369,56.1210538,Kirkcaldy,Kirkcaldy
stadester-Paisley-United Kingdom,-4.43,55.83,Paisley,Paisley
stadester-Perth-United Kingdom,-3.430838,56.394994,Perth,Perth
stadester-Renfrew-United Kingdom,-4.391541999999999,55.875322,Renfrew,Renfrew
stadester-Merthyr Tydfil-United Kingdom,-3.381646,51.74872999999999,Merthyr Tydfil,Merthyr Tydfil
stadester-Newport-United Kingdom,-2.997664,51.584151,Newport,Newport
stadester-Rhondda-United Kingdom,-3.4687081,51.6744979,Rhondda,Rhondda
stadester-Swansea-United Kingdom,-3.943645999999999,51.62144,Swansea,Swansea
stadester-Beograd-Serbia,20.5,44.83,Belgrade,Belgrade
stadester-Ðakovica-Serbia,20.4283894,42.3843973,Ðakovica,Ðakovica
stadester-Kikinda-Serbia,20.4737889,45.8311778,Kikinda,Kikinda
stadester-Kragujevac-Serbia,20.9114225,44.0127932,Kragujevac,Kragujevac
stadester-Ni`s-Serbia,21.8954069,43.320926,Nis,Nis
stadester-Novi Sad-Serbia,19.8227056,45.2396085,Novi Sad,Novi Sad
stadester-Pan`cevo-Serbia,20.8,44.87,Panczova,Panczova
stadester-Podgorica-Serbia,19.2593642,42.4304196,Podgorica,Podgorica
stadester-Pozarevac-Serbia,21.1844925,44.6210063,Pozarevac,Pozarevac
stadester-Pri`stina-Serbia,21.1643067,42.6673053,Pristina,Pristina
stadester-Prizren-Serbia,20.73,42.22,Prizrend,Prizrend
stadester-Senta-Serbia,20.090633,45.9307547,Senta,Senta
stadester-Smederevo-Serbia,20.9302332,44.6619928,Smederevo,Smederevo
stadester-Sombor-Serbia,19.1151468,45.773295,Sombor,Sombor
stadester-Sremska Mitrovica-Serbia,19.6102033,44.979777,Sremska Mitrovica,Sremska Mitrovica
stadester-Subotica-Serbia,19.6495744,46.1028191,Subotica,Subotica
stadester-U`zice-Serbia,19.85,43.85,Titove Uzice,Titove Uzice
stadester-Vrsac-Serbia,21.2949931,45.1188369,Vrsac,Vrsac
stadester-Zemun-Serbia,20.42,44.82,Semlin,Semlin
stadester-Zrenjanin-Serbia,20.3906166,45.3834283,Zrenjanin,Zrenjanin
stadester-Hartford-Connecticut,-72.6733723,41.7658043,Hartford,Hartford
stadester-New Haven-Connecticut,-72.9278835,41.308274,New Haven,New Haven
stadester-Lexington-Fayette-Kentucky,-84.5152662,38.0389091,Lexington,Lexington
stadester-Louisville-Kentucky,-85.7663724,38.2468618,Louisville,Louisville
stadester-New Orleans-Louisiana,-90.07583559999999,29.9508941,New Orleans,New Orleans
stadester-Baltimore-Maryland,-76.6104072,39.2905023,Baltimore,Baltimore
stadester-Boston-Massachusetts,-71.0565364,42.3555076,Boston,Boston
stadester-Springfield-Massachusetts,-72.58927419999999,42.1013104,Springfield,Springfield
stadester-Worcester-Massachusetts,-71.80249309999999,42.2628113,Worcester,Worcester
stadester-Saint Louis-Missouri,-90.1982439,38.62742799999999,St Louis,St Louis
stadester-Albany-New York,-73.75447070000001,42.6518095,Albany,Albany
stadester-New York-New York,-74.0059728,40.7127753,New York,New York
stadester-Philadelphia-Pennsylvania,-75.1652215,39.9525839,Philadelphia,Philadelphia
stadester-Providence-Rhode Island,-71.4127462,41.8244836,Providence,Providence
stadester-Alexandria-Virginia,-77.0435257,38.804693,Alexandria,Al-Iskandariyya
stadester-Norfolk-Virginia,-76.28587259999999,36.8507689,Norfolk,Norfolk
stadester-Richmond-Virginia,-77.4360481,37.5407246,Richmond,Richmond
stadester-Buenos Aires-Argentina,-58.3821215,-34.6036739,Buenos Aires,Buenos Aires
stadester-Concordia-Argentina,-58.01743399999999,-31.3913921,Concordia,Concordia
stadester-Mendoza-Argentina,-68.8458386,-32.8894587,Mendoza,Mendoza
stadester-San Juan-Argentina,-68.5385941,-31.5351074,San Juan,San Juan Bautista
stadester-Cochabamba-Bolivia,-66.1595813,-17.3820091,Cochabamba,Cochabamba
stadester-La Paz-Bolivia,-68.1212091,-16.494359,La Paz,La Paz
stadester-Oruro-Bolivia,-67.0931378,-17.9716723,Oruro,Oruro
stadester-Potosí-Bolivia,-65.7550063,-19.5722805,Potosí,Potosí
stadester-Campinas-Brazil,-47.0613327,-22.9050824,Campinas,Campinas
stadester-Curitiba-Brazil,-49.2651984,-25.4268985,Curitiba,Curitiba
stadester-Mariana-Brazil,-43.41628009999999,-20.3738681,Mariana,Mariana
stadester-Ouro Prêto-Brazil,-43.5105574,-20.402211,Ouro Prêto,Ouro Prêto
stadester-Recife-Brazil,-34.8828969,-8.0578381,Recife,Recife
stadester-Rio de Janeiro-Brazil,-43.1728965,-22.9068467,Rio de Janeiro,São Sebastião do Rio de Janeiro
stadester-Salvador-Brazil,-38.501648,-12.9777334,Salvador de Bahia,Salvador de Bahia
stadester-São Paulo-Brazil,-46.6395571,-23.5557714,São Paulo,São Paulo
stadester-Montréal-Canada,-73.56739189999999,45.5018869,Montréal,Montréal
stadester-Québec-Canada,-71.20745959999999,46.8130816,Québec,Québec
stadester-Santiago-Chile,-70.6692655,-33.4488897,Santiago,Santiago de Nueva Extremadura
stadester-Bogotá-Colombia,-74.072092,4.710988599999999,Bogotá,Bogotá
stadester-Cali-Colombia,-76.5319854,3.4516467,Cali,Cali
stadester-Centro Habana-Cuba,-82.3585654,23.133865,La Habana,La Habana
stadester-Guayaquil-Ecuador,-79.8899031,-2.1891341,Guayaquil,Guayaquil
stadester-Quito-Ecuador,-78.5141064,-0.2232523,Quito,San Francisco de Quito
stadester-Riobamba-Ecuador,-78.6588786,-1.6650227,Riobamba,Riobamba
stadester-Ciudad de Guatemala-Guatemala,-90.5068824,14.6349149,Ciudad de Guatemala,Ciudad de Guatemala
stadester-Cap Haitiën-Haiti,-72.20676809999999,19.7370362,Cap Haitiën,Cap Haitiën
stadester-Comayagua-Honduras,-87.6482474,14.4490149,Comayagua,Comayagua
stadester-Copán Ruinas-Honduras,-89.15779859999999,14.8343985,Copan,Copan
stadester-Gracias-Honduras,-88.5833698,14.5896037,Gracias,Gracias
stadester-Olanchito-Honduras,-86.5665609,15.4838736,Olanchito,Olanchito
stadester-San Pedro Sula-Honduras,-88.02580209999999,15.5058165,San Pedro Sula,San Pedro Sula
stadester-Tegucigalpa-Honduras,-87.1824529,14.0607145,Tegucigalpa,Tegucigalpa
stadester-Trujillo-Honduras,-85.95308659999999,15.9173302,Trujillo,Trujillo
stadester-Kingston-Jamaica,-76.8099041,18.0178743,Kingston,Kingston
stadester-Chihuahua-Mexico,-106.0587908,28.6433753,Chihuahua,Chihuahua
stadester-Ciudad de México-Mexico,-99.133208,19.4326077,Mexico City,México
stadester-Guadalajara-Mexico,-103.3473385,20.6751707,Guadalajara,Guadalajara
stadester-Guanajuato-Mexico,-101.2573586,21.0190145,Guanajuato,Guanajuato
stadester-Heroica Puebla de Zaragoza-Mexico,-98.2062727,19.0414398,Puebla,Puebla
stadester-Mérida-Mexico,-89.5925857,20.9673702,Merida,Mérida
stadester-Múgica-Mexico,-102.552784,23.634501,Múgica,Múgica
stadester-Oaxaca de Juárez-Mexico,-96.7265889,17.0731842,Oaxaca de Juárez,Oaxaca de Juárez
stadester-Palenque-Mexico,-91.9930466,17.5109792,Palenque,Palenque
stadester-Pátzcuaro-Mexico,-101.6091876,19.5134546,Pátzcuaro,Pátzcuaro
stadester-Poza Rica de Hidalgo-Mexico,-97.4629119,20.5270592,Poza Rica de Hidalgo,Poza Rica de Hidalgo
stadester-Querétaro-Mexico,-100.3898881,20.5887932,Queretaro,Queretaro
stadester-San Luis Potosí-Mexico,-100.9733024,22.1520892,San Luis Potosi,San Luis Potosi
stadester-Teotihuacán-Mexico,-98.87163609999999,19.6860799,Teotihuacan,Teotihuacan
stadester-Texcoco de Mora-Mexico,-98.8831503,19.5060382,Texcoco de Mora,Texcoco de Mora
stadester-Tlaxcala de Xicochténcatl-Mexico,-98.2404397,19.3139243,Tlaxcala de Xicochténcatl,Tlaxcala de Xicochténcatl
stadester-Zacatecas-Mexico,-102.5765714,22.7727913,Zacatecas,Zacatecas
stadester-Asunción-Paraguay,-57.6212403,-25.2748416,Asuncion,Asuncion
stadester-Arequipa-Peru,-71.5400994,-16.4057001,Arequipa,Arequipa
stadester-Arequipa (agglomeration)-Peru,-71.5400994,-16.4057001,Arequipa,Arequipa
stadester-Ayacucho-Peru,-74.22356409999999,-13.1638737,Ayacucho,Ayacucho
stadester-Chincha Alta-Peru,-76.13671099999999,-13.42553,Chincha Alta,Chincha Alta
stadester-Cusco-Peru,-71.96746259999999,-13.53195,Cusco,Cuzco
stadester-Huancavelica-Peru,-74.9764024,-12.7861978,Huancavelica,Huancavelica
stadester-Imperial-Peru,-75.015152,-9.189967,Imperial,Imperial
stadester-Lima-Peru,-77.04308859999999,-12.0466888,Lima,Lima
stadester-Trujillo (Peru)-Peru,-79.0257381,-8.1157846,Trujillo,Trujillo
stadester-Tumbes-Peru,-80.45376859999999,-3.5605301,Tumbes,Tumbes
stadester-Caracas-Venezuela,-66.90360629999999,10.4805937,Caracas,Caracas
stadester-Annaba-Algeria,7.7500122,36.897375,Annaba,Annaba
stadester-Béjaïa-Algeria,5.0557713,36.7514502,Béjaïa,Béjaïa
stadester-Cherchell-Algeria,2.1940385,36.6059372,Cherchell,Cherchell
stadester-El-Djazaïr-Algeria,3.0587561,36.753768,Algiers,Algiers
stadester-Qacentina-Algeria,6.638871,36.3569496,Constantine,Constantine
stadester-Tihert-Algeria,1.3219041,35.3709436,Tihert,Tihert
stadester-Tilimsen-Algeria,-1.3166815,34.8828864,Tilimsen,Tilimsen
stadester-Wahrân-Algeria,-0.6349319,35.6987388,Oran,Oran
stadester-Luanda-Angola,13.230002955738545,-8.815085634519786,Luanda,Luanda
stadester-Mbanza Kongo-Angola,14.2337805,-6.2694214,Mbanza Kongo,Mbanza Kongo
stadester-Abomey-Benin,1.9979411,7.1854773,Abomey,Abomey
stadester-Allada-Benin,2.1597595,6.664462899999999,Allada,Allada
stadester-Massénya-Chad,16.1713267,11.4025367,Massénya,Massénya
stadester-Ashmûnein, Al--Egypt,30.8002609,27.7756546,Hermopolis,Hermopolis
stadester-Aswân-Egypt,32.8998293,24.088938,Aswân,Aswân
stadester-Asyut-Egypt,31.1859257,27.1783117,Asyut,Asyut
stadester-Balyanâ, Al--Egypt,31.9226391,26.183444,Abydos,Abydos
stadester-Dumyât-Egypt,31.81444339999999,31.4175388,Damietta,Damietta
stadester-Iskandarîyah, Al--Egypt,29.9187387,31.2000924,"Iskandarîyah, Al-","Iskandarîyah, Al-"
stadester-Mahallah, Al-, al-Kubrâ-Egypt,31.168083,30.9696706,"Mahallah, Al-, al-Kubrâ","Mahallah, Al-, al-Kubrâ"
stadester-Mansûrah, Al--Egypt,31.3784704,31.0409483,"Mansûrah, Al-","Mansûrah, Al-"
stadester-Qâhirah, Al--Egypt,31.2357116,30.0444196,Cairo,Al-Qahira
stadester-Qûs-Egypt,32.7596825,25.9181328,Qûs,Qûs
stadester-Rashîd-Egypt,30.4148309,31.3939878,Rashîd,Rashîd
stadester-Uqsur, Al--Egypt,32.6396357,25.6872431,"Uqsur, Al-","Uqsur, Al-"
stadester-Zaqâzîq, Al--Egypt,31.5040656,30.5765383,"Zaqâzîq, Al-","Zaqâzîq, Al-"
stadester-Aksum-Ethiopia,38.7245282,14.1238574,Axum,Axum
stadester-Bonga-Ethiopia,36.2468128,7.2671901,Bonga,Bonga
stadester-Gonder-Ethiopia,37.4505182,12.5981077,Gondar,Gondar
stadester-Lalibela-Ethiopia,39.0476298,12.0308987,Lalibela,Lalibela
stadester-Kumasi-Ghana,-1.6162709,6.6666004,Kumasi,Kumasi
stadester-Yendi-Ghana,-0.009326599999999999,9.445043799999999,Yendi,Yendi
stadester-Mombasa-Kenya,39.6682065,-4.0434771,Mombasa,Mombasa
stadester-Al Khums-Libya,14.2678989,32.6509505,Al Khums,Al Khums
stadester-Shahat-Libya,21.8621694,32.8035826,Cyrene,Cyrene
stadester-Tarâbulus-Libya,13.187186,32.8877109,Tarâbulus,Tarâbulus
stadester-Mahanjanga-Madagascar,46.317841078074224,-15.718156756772073,Mahanjanga,Mahanjanga
stadester-Djenné-Mali,-4.5559954,13.9053952,Djenne,Djenne
stadester-Gao-Mali,-0.0398168,16.2702787,Gao,Gao
stadester-Segou-Mali,-6.261278000000001,13.4309703,Segou,Segou
stadester-Timbuktu-Mali,-3.0082533,16.770195,Timbuktu,Timbuktu
stadester-Azemmour-Morocco,-8.347178099999999,33.286667,Azemmur,Azemmur
stadester-Fès-Morocco,-5.0078451,34.0181246,Fez,Fez
stadester-Marrakech-Morocco,-7.989825799999999,31.6225224,Marrakech,Marrakech
stadester-Meknès-Morocco,-5.538211599999999,33.8674514,Meknes,Meknes
stadester-Rabat-Morocco,-6.8538748,34.0083637,Rabat,Rabat
stadester-Taza-Morocco,-3.9980485,34.2105603,Taza,Taza
stadester-Agadez-Niger,7.986535,16.9741689,Agadez,Agadez
stadester-Benin City-Nigeria,5.6037465,6.334986,Benin City,Benin City
stadester-Birnin Kebbi-Nigeria,4.1956212,12.4317585,Birnin Kebbi,Birnin Kebbi
stadester-Gulaki-Nigeria,8.675277,9.081999,Ngazargamu,Ngazargamu
stadester-Ife-Nigeria,4.5521274,7.490462,Ife,Ife
stadester-Ijebu-Ode-Nigeria,3.9191404,6.8248815,Ijebu-Ode,Ijebu-Ode
stadester-Kano-Nigeria,8.591956099999999,12.0021794,Kano,Kano
stadester-Katsina-Nigeria,7.6305748,12.3796707,Katsina,Katsina
stadester-Ogbomosho-Nigeria,4.2435893,8.122749599999999,Ogbomosho,Ogbomosho
stadester-Oyo-Nigeria,3.6146534,8.157380900000001,Oyo,Oyo
stadester-Shaki-Nigeria,3.394332,8.672557099999999,Shaki,Shaki
stadester-Sokoto-Nigeria,5.2475518,13.0058731,Sokoto,Sokoto
stadester-Zaria-Nigeria,7.7206606,11.1047395,Zaria,Zaria
stadester-Bava-Sudan,30.217636,12.862807,Napata,Napata
stadester-Dunqulah-Sudan,30.4695648,19.1660279,Dongola,Dongola
stadester-Sinnar-Sudan,33.9750018,13.0317108,Sennar,Sennar
stadester-Kilwa-Tanzania,39.497082,-8.965874,Kilwa,Kilwa
stadester-Al Mahdîyah-Tunisia,10.3497895,35.3830893,Al Mahdîyah,Al Mahdîyah
stadester-Al Qayrawân-Tunisia,10.1005469,35.6711663,Al Qayrawân,Al Qayrawân
stadester-Tûnis-Tunisia,10.1815316,36.8064948,Tunis,Tunis
stadester-Abu Hureyra-Syria,38.4,35.866,Abu Hureyra,Abu Hureyra
stadester-Acqui Terme-Italy,8.47,44.68,Acqui Terme,Acqui Terme
stadester-Adab (Iraq)-Iraq,45.62625,31.94725,Adab,Adab
stadester-Agnone-Italy,14.37,41.8,Agnone,Agnone
stadester-Agreda-Spain,-1.93,41.85,Agreda,Agreda
stadester-Aigues Mortes-France,4.1925869,43.567172,Aigues Mortes,Aigues Mortes
stadester-Aire sur l'Adour-France,-0.2622553,43.7024759,Aire sur l'Adour,Aire sur l'Adour
stadester-Akkad-Iraq,44.5,32.5,Akkad,Akkad
stadester-Akshak-Iraq,44.522222,33.094444,Akshak,Akshak
stadester-Alaejos-Spain,-5.22,41.3,Alaejos,Alaejos
stadester-Alassio-Italy,8.17,44,Alassio,Alassio
stadester-Alatri-Italy,13.35,41.72,Alatri,Alatri
stadester-Alba (ITA)-Italy,8.03,44.7,Alba,Alba
stadester-Alba (SPA)-Spain,-5.5,40.833333,Alba,Alba
stadester-Alburquerque (SPA)-Spain,-6.98,39.22,Alburquerque,Alburquerque
stadester-Alcaraz-Spain,-2.48,38.67,Alcaraz,Alcaraz
stadester-Aleria-France,9.5134613,42.1147718,Aleria,Aleria
stadester-Alfaro-Spain,-1.75,42.18,Alfaro,Alfaro
stadester-Almagro-Spain,-3.72,38.88,Almagro,Almagro
stadester-Almeida-Portugal,-6.905594199999999,40.7254048,Almeida,Almeida
stadester-Almodovar-Spain,-4.17,38.72,Almodovar,Almodovar
stadester-Amalfi-Italy,14.6027661,40.6338303,Amalfi,Amalfi
stadester-Amarna-Egypt,30.898616939291838,27.644473798624087,Amarna,Amarna
stadester-Ambert-France,3.739308,45.549532,Ambert,Ambert
stadester-Ambessi-Congo,21.758664,-4.038333,Ambessi,Ambessi
stadester-Amboise-France,0.98,47.42,Amboise,Amboise
stadester-Anagni-Italy,13.17,41.73,Anagni,Anagni
stadester-Anduze-France,3.98,44.05,Anduze,Anduze
stadester-Angkor-Cambodia,103.8738031,13.4840408,Angkor,Angkor
stadester-Angri-Italy,14.57,40.73,Angri,Angri
stadester-Ani-Turkey,43.566531,40.517724,Ani,Ani
stadester-Aoudaghost-Mauritania,-10.408612530896637,17.424417610362052,Aoudaghost,Aoudaghost
stadester-Apamea-Syria,36.398,35.418,Apamea,Apamea
stadester-Apt-France,5.4,43.88,Apt,Apt
stadester-Aquileia-Italy,13.3695598,45.767329,Aquileia,Aquileia
stadester-Aracena-Spain,-6.55,37.88,Aracena,Aracena
stadester-Aragona (ITA)-Italy,13.62,37.4,Aragona,Aragona
stadester-Arbois-France,5.77,46.9,Arbois,Arbois
stadester-Arjona-Spain,-4.05,37.93,Arjona,Arjona
stadester-Armagh-UK,-6.65,54.35,Armagh,Armagh
stadester-Arpino-Italy,13.62,41.72,Sora,Sora
stadester-Asaro-Italy,12.56738,41.87194,Asaro,Asaro
stadester-Ascoli Satriano-Italy,15.57,41.2,Ascoli Satriano,Ascoli Satriano
stadester-Assur-Iraq,43.2625,35.456667,Assur,Assur
stadester-Asuka-Japan,135.8206452,34.4713594,Asuka,Asuka
stadester-Atessa-Italy,14.451398125833705,42.07129372453094,Atessa,Atessa
stadester-Atri-Italy,13.97,42.58,Atri,Atri
stadester-Avallon-France,3.9,47.48,Avallon,Avallon
stadester-Avaris-Egypt,31.821361,30.787417,Avaris,Avaris
stadester-Avigliano-Italy,15.73,40.73,Avigliano,Avigliano
stadester-Avranches-France,-1.37,48.68,Avranches,Avranches
stadester-Bacalar-Mexico,-88.39010669999999,18.6778712,Bacalar,Bacalar
stadester-Badami-India,75.676082,15.918622,Badami,Badami
stadester-Bad-tibira-Iraq,45.999722,31.379722,Bad-tibira,Bad-tibira
stadester-Bagnara Calabra-Italy,15.85,38.35,Palmi,Palmi
stadester-Bagneres de Bigorre-France,0.15,43.07,Bagneres de bigorre,Bagneres de bigorre
stadester-Bakar-Croatia,14.53,45.3,Bakar,Bakar
stadester-Bakhchysarai-Ukraine,33.8615644,44.746091,Bakhchysarai,Bakhchysarai
stadester-Balasaghun-Kyrgyzstan,75.248611,42.746944,Balasaghun,Balasaghun
stadester-Barcellonnette-France,6.6503651,44.38572449999999,Barcellonnette,Barcellonnette
stadester-Barrafranca-Italy,14.22,37.3,Mazzarino,Mazzarino
stadester-Becerril-Spain,-4.65,42.1,Becerril,Becerril
stadester-Bedarieux-France,3.17,43.62,Bedarieux,Bedarieux
stadester-Belpasso-Italy,14.97,37.58,Belpasso,Belpasso
stadester-Belur-India,75.8669422,13.166287,Belur,Belur
stadester-Belyov-Russia,36.15,53.82,Belyov,Belyov
stadester-Bernay-France,0.6,49.1,Bernay,Bernay
stadester-Berwick upon Tweed-UK,-2.005395,55.770242,Berwick upon Tweed,Berwick upon Tweed
stadester-Bielsko Biala-Poland,19.03,49.82,Bielsko Biala,Bielsko Biala
stadester-Billom-France,3.35,45.73,Billom,Billom
stadester-Bisacquino-Italy,13.25,37.7,Bisacquino,Bisacquino
stadester-Bivona-Italy,13.43,37.62,Bivona,Bivona
stadester-Bobastro-Spain,-4.7804797,36.8996569,Bobastro,Bobastro
stadester-Bogazkale (Hattusa)-Turkey,34.6261884,40.0315301,Hattusa,Hattusa
stadester-Bogodukhiv-Ukraine,35.53,50.17,Bohodukhiv,Bohodukhiv
stadester-Bolgary-Russia,49.033569630027515,54.98458616695187,Bolgary,Bolgary
stadester-Bolkhov-Russia,36,53.42,Bolhov,Bolhov
stadester-Bonifacio-France,9.17,41.38,Bonifacio,Bonifacio
stadester-Bonnetable-France,0.43,48.17,Bonnetable,Bonnetable
stadester-Borovsk-Russia,36.47,55.2,Borovsk,Borovsk
stadester-Borzna-Ukraine,32.42,51.25,Borzna,Borzna
stadester-Bosa-Italy,8.5,40.3,Bosa,Bosa
stadester-Boston (UK)-UK,-0.02,52.97,Boston,Boston
stadester-Bouillon-Belgium,5.070611299999999,49.7945734,Bouillon,Bouillon
stadester-Bourbourg-France,2.2,50.95,Bourbourg,Bourbourg
stadester-Bra-Italy,7.85,44.7,Bra,Bra
stadester-Braniewo-Poland,19.83,54.4,Braniewo,Braniewo
stadester-Breisach-Germany,7.6,48.02,Breisach am Rhein,Breisach am Rhein
stadester-Brezova-Czechia,12.6414776,50.1482024,Brezova,Brezova
stadester-Brignoles-France,6.07,43.4,Brignoles,Brignoles
stadester-Brioude-France,3.38,45.3,Brioude,Brioude
stadester-Brody-Ukraine,25.13,50.08,Brody,Brody
stadester-Bronte-Italy,14.83,37.8,Bronte,Bronte
stadester-Brozas-Spain,-6.78,39.62,Brozas,Brozas
stadester-Buendia-Spain,-2.7568259,40.3666644,Buendia,Buendia
stadester-Bujalance-Spain,-4.38,37.9,Bujalance,Bujalance
stadester-Burgio-Italy,13.28,37.6,Burgio,Burgio
stadester-Busca-Italy,7.48,44.52,Busca,Busca
stadester-Bussa-Nigeria,4.5773188,10.1946682,Bussa,Bussa
stadester-Calakmul-Mexico,-89.5184604,18.8576562,Calakmul,Calakmul
stadester-Calatafimi-Italy,12.87,37.83,Calatafimi,Calatafimi
stadester-Caltavuturo-Italy,13.88,37.82,Caltavuturo,Caltavuturo
stadester-Calvello-Italy,15.85,40.47,Calvello,Calvello
stadester-Camerino-Italy,13.07,43.13,Camerino,Camerino
stadester-Cammarata-Italy,13.63,37.55,Casteltermini,Casteltermini
stadester-Campo Maior-Portugal,-7.07,39.02,Campo Maior,Campo Maior
stadester-Cangas De Onis-Spain,-5.13,43.35,Cangas de Onis,Cangas de Onis
stadester-Capri-Italy,14.222154,40.5532009,Capri,Capri
stadester-Caracol-Belize,-89.1178134,16.7630815,Caracol,Caracol
stadester-Caraglio-Italy,7.43,44.42,Caraglio,Caraglio
stadester-Carchemish-Turkey,38.016420510798454,36.82957578495527,Carchemish,Carchemish
stadester-Carignano-Italy,7.72,44.85,Carmagnola,Carmagnola
stadester-Carini-Italy,13.18,38.13,Carini,Carini
stadester-Carrickfergus-UK,-5.82,54.716,Carrickfergus,Carrickfergus
stadester-Casalmaggiore-Italy,10.43,44.98,Casalmaggiore,Casalmaggiore
stadester-Caspe-Spain,-0.05,41.23,Caspe,Caspe
stadester-Cassano allo Ionio-Italy,16.33,39.78,Cassano All'Ionio,Cassano All'Ionio
stadester-Castelbuono-Italy,14.1,37.93,Castelbuono,Castelbuono
stadester-Castelnaudary-France,1.95,43.32,Castelnaudary,Castelnaudary
stadester-Castelo de Vide-Portugal,-7.45,39.42,Castelo de Vide,Castelo de Vide
stadester-Castelsarrasin-France,1.08,44.1,Moissac,Moissac
stadester-Castiglione dello Stiviere-Italy,10.4819239,45.3883944,Castiglione dello Stiviere,Castiglione dello Stiviere
stadester-Castroreale-Italy,15.2107349,38.0993144,Castroreale,Castroreale
stadester-Catalhoyuk-Turkey,35.815267,37.1973681,Catalhoyuk,Catalhoyuk
stadester-Cattolica Eraclea-Italy,13.4,37.62,Cattolica Eraclea,Cattolica Eraclea
stadester-Cavour-Italy,7.37,44.78,Cavour,Cavour
stadester-Cazorla-Spain,-3,37.92,Cazorla,Cazorla
stadester-Cefalu-Italy,14.03,38.03,Cefalu,Cefalu
stadester-Cempoala-Mexico,-96.4050738,19.4468813,Cempoala,Cempoala
stadester-Cerreto Sannita-Italy,14.62,41.02,Cerreto Sannita,Cerreto Sannita
stadester-Cervera-Spain,1.28,41.67,Cervera,Cervera
stadester-Cervinara-Italy,14.63,41.07,Montesarchio,Montesarchio
stadester-Cetraro-Italy,15.95,39.53,Cetraro,Cetraro
stadester-Champa-India,82.6515036,22.0300039,Champa,Champa
stadester-Champaner-India,73.53143659999999,22.4844703,Champaner,Champaner
stadester-Chanderi-India,78.1353199,24.7134729,Chanderi,Chanderi
stadester-Chateau Gontier-France,-0.7,47.83,Chateau Gontier,Chateau Gontier
stadester-Chiaramonte Gulfi-Italy,14.7,37.03,Chiaramonte Gulfi,Chiaramonte Gulfi
stadester-Chichen Itza-Mexico,-88.5683091,20.6791438,Chichen Itza,Chichen Itza
stadester-Chinchon-Spain,-3.38,40.1,Colmenar de Oreja,Colmenar de Oreja
stadester-Chinon-France,0.25,47.17,Chinon,Chinon
stadester-Chivasso-Italy,7.88,45.18,Chivasso,Chivasso
stadester-Chogha Zanbil-Iran,48.5215684,32.0090545,Chogha Zanbil,Chogha Zanbil
stadester-Chonga-Ethiopia,37.6360921545508,12.165346416153367,Chonga,Chonga
stadester-Chunar-India,82.8721383,25.1036684,Chunar,Chunar
stadester-Ciminna-Italy,13.57,37.88,Ciminna,Ciminna
stadester-Clermont l'Herault-France,3.42,43.62,Clermont l' Herault,Clermont l' Herault
stadester-Cluny-France,4.65,46.43,Cluny,Cluny
stadester-Coba-Mexico,-87.7361111,20.4947222,Coba,Coba
stadester-Collioure-France,3.084631,42.52675199999999,Collioure,Collioure
stadester-Conde sur Noireau-France,-0.55,48.85,Conde sur Noireau,Conde sur Noireau
stadester-Condom-France,0.38,43.97,Condom,Condom
stadester-Condrieu-France,4.75,45.47,Condrieu,Condrieu
stadester-Congleton-UK,-2.22,53.16,Congleton,Congleton
stadester-Constantina-Spain,-5.62,37.87,Constantina,Constantina
stadester-Consuegra-Spain,-3.6,39.47,Consuegra,Consuegra
stadester-Conversano-Italy,17.08,41.07,Mola,Mola
stadester-Copenhagen-Denmark,12.5683371,55.6760968,Copenhagen,Copenhagen
stadester-Cordes sur Ciel-France,1.951534,44.0631879,Cordes sur Ciel,Cordes sur Ciel
stadester-Corleone-Italy,13.3,37.82,Corleone,Corleone
stadester-Corral-Spain,-3.18,39.77,Corral,Corral
stadester-Corte-France,9.13,42.3,Corte,Corte
stadester-Cossimbazar-India,88.2813944,24.1179699,Cossimbazar,Cossimbazar
stadester-Coutances-France,-1.4433788554154778,49.05211714680135,Coutances,Coutances
stadester-Cuers-France,6.07,43.23,Cuers,Cuers
stadester-Dantapuram-India,83.91868699999999,18.4783356,Dantapuram,Dantapuram
stadester-Daulatabad-India,75.22165199999999,19.946133,Daulatabad,Daulatabad
stadester-Deal-UK,1.4,51.22,Deal,Deal
stadester-Dholavira-India,70.2140444,23.8808877,Dholavira,Dholavira
stadester-Die-France,5.370536,44.751036,Die,Die
stadester-Dinkelsbuhl-Germany,10.35,49.07,Dinkelsbuehl,Dinkelsbuehl
stadester-Dobrovody-Ukraine,25.6315647,49.7222375,Dobrovody,Dobrovody
stadester-Dongo-Angola,15.7292491,-14.5897276,Dongo,Dongo
stadester-Dorogobuzh-Russia,33.3,54.9,Dorogobuz,Dorogobuz
stadester-Downpatrick-UK,-5.72,54.33,Downpatrick,Downpatrick
stadester-Dubno-Ukraine,25.67,50.47,Dubno,Dubno
stadester-Dura Europos-Syria,40.73,34.747,Dura Europos,Dura Europos
stadester-Durbi-Nigeria,8.9876866,9.9701706,Durbi,Durbi
stadester-Ebersbach-Germany,14.58,51,Ebersbach,Ebersbach
stadester-Ebla-Syria,36.798,35.798,Ebla,Ebla
stadester-Eichstatt-Germany,11.18531229060712,48.89101045160562,Eichstaett,Eichstaett
stadester-El Mirador-Guatemala,-90.23075899999999,15.783471,Qumarkaj,Qumarkaj
stadester-Ellora-India,75.1618345,20.0238247,Ellora,Ellora
stadester-Ely-UK,0.26,52.4,Ely,Ely
stadester-Emfraz-Ethiopia,37.6272333,12.2573365,Emfraz,Emfraz
stadester-Ephesus-Turkey,27.3461091,37.9355433,Ephesus,Ephesus
stadester-Erice-Italy,12.58,38.05,Monte di San Giuliano,Monte di San Giuliano
stadester-Eridu-Iraq,45.996111,30.815833,Eridu,Eridu
stadester-Eshnunna-Iraq,44.728333,33.484167,Eshnunna,Eshnunna
stadester-Essouk-Mali,1.2530165,18.8770667,Essouk,Essouk
stadester-Este-Italy,11.67,45.22,Este,Este
stadester-Falaise (Calvados - F)-France,-0.2018928,48.8927855,Falaise,Falaise
stadester-Fatehpur Sikri-India,77.6679292,27.0945291,Fatehpur Sikri,Fatehpur Sikri
stadester-Ferentino-Italy,13.25,41.68,Ferentino,Ferentino
stadester-Figeac-France,2.03,44.53,Figeac,Figeac
stadester-Figuiera da Foz-Portugal,-8.85738384642249,40.15213824462043,Figuiera da Foz,Figuiera da Foz
stadester-Fondi-Italy,13.42,41.35,Fondi,Fondi
stadester-Fossano-Italy,7.72,44.55,Fossano,Fossano
stadester-Fossombrone-Italy,12.8,43.7,Fossombrone,Fossombrone
stadester-Frankenberg-Germany,13.02,50.9,Frankenberg,Frankenberg
stadester-Frome-UK,-2.32,51.23,Frome,Frome
stadester-Fuente del Maestre-Spain,-6.47,38.52,Fuente del Maestre,Fuente del Maestre
stadester-Fuente El Sauco-Spain,-4.339440199999999,40.6127881,Fuente El Sauco,Fuente El Sauco
stadester-Gaeta-Italy,13.58,41.2,Gaeta,Gaeta
stadester-Gaillac-France,1.88,43.9,Gaillac,Gaillac
stadester-Galich-Russia,42.2,58.33,Galich,Galich
stadester-Gallipoli (ITA)-Italy,17.97,40.05,Gallipoli,Gallipoli
stadester-Ganeriwala-Pakistan,71.149988,28.5988908,Ganeriwala,Ganeriwala
stadester-Gangi-Italy,14.17,37.68,Gangi,Gangi
stadester-Garhgaon-India,94.7451079,26.9311506,Garhgaon,Garhgaon
stadester-Gaur-India,82.7819012,25.2923725,Gaur,Gaur
stadester-Gbara-Nigeria,5.6668306,8.8596449,Gbara,Gbara
stadester-Gbogun-Nigeria,4.3203962,8.4791311,Gbogun,Gbogun
stadester-Ghor-Afghanistan,64.90595499999999,34.0995776,Ghor,Ghor
stadester-Gibellina-Italy,12.9,37.72,Partanna,Partanna
stadester-Gibraltar-Spain,-5.353585,36.140751,Gibraltar,Gibraltar
stadester-Gluckstadt-Germany,9.42,53.78,Glueckstadt,Glueckstadt
stadester-Goa-India,77.656297,30.7688316,Goa,Goa
stadester-Gortyn-Greece,25.0228736,35.048969,Gortyn,Gortyn
stadester-Grammichele-Italy,14.63,37.22,Grammichele,Grammichele
stadester-Gray (FRA)-France,5.5916971,47.4451923,Gray,Gray
stadester-Great Zimbabwe-Zimbabwe,29.154857,-19.015438,Great Zimbabwe,Great Zimbabwe
stadester-Grimma-Germany,12.72,51.23,Grimma,Grimma
stadester-Grossenhain-Germany,13.52,51.28,Grossenhain,Grossenhain
stadester-Guemu-Mali,-10.9585637,15.100629,Guemu,Guemu
stadester-Guerande-France,-2.43,47.33,Guerande,Guerande
stadester-Guimaraes-Portugal,-8.3,41.45,Guimaraes,Guimaraes
stadester-Harappa-Pakistan,72.8929,30.611015,Harappa,Harappa
stadester-Haslingden-UK,-2.3261002,53.7008264,Haslingden,Haslingden
stadester-Hasparren-France,-1.3,43.38,Hasparren,Hasparren
stadester-Hastinapur-India,77.9938497,29.1568812,Hastinapur,Hastinapur
stadester-Hazor-Holy Land,35.5687754,33.0178777,Hazor,Hazor
stadester-Herakleopolis-Egypt,30.9187827,29.0918876,Herakleopolis,Herakleopolis
stadester-Herbault-France,1.139623,47.604235,Herbault,Herbault
stadester-Hertogenbosch-Netherlands,5.3,51.7,s Hertogenbosch,s Hertogenbosch
stadester-Hesdin-France,2.099101,50.357625,Hesdin,Hesdin
stadester-Hierakonpolis-Egypt,32.779444,25.097222,Hierakonpolis,Hierakonpolis
stadester-Hiraizumi-Japan,141.1137868,38.9866085,Hiraizumi,Hiraizumi
stadester-Hondschoote-France,2.58,50.98,Hondschoote,Hondschoote
stadester-Honfleur-France,0.23,49.42,Honfleur,Honfleur
stadester-Hormuz-Iran,56.4514653,27.0923941,Hormuz,Hormuz
stadester-Hornachos-Spain,-6.07,38.57,Hornachos,Hornachos
stadester-Huckeswagen-Germany,7.33,51.13,Hueckeswagen,Hueckeswagen
stadester-Hue-Vietnam,107.4795173,16.3546659,Hue,Hue
stadester-Huete-Spain,-2.68,40.13,Huete,Huete
stadester-Indrapura (CAM)-Cambodia,104.990963,12.565679,Isanapura,Isanapura
stadester-Iximche-Guatemala,-90.9970187,14.7360667,Iximche,Iximche
stadester-Izapa-Mexico,-92.338996,14.8209016,Izapa,Izapa
stadester-Iziaslav-Ukraine,26.8,50.12,Izjaslav,Izjaslav
stadester-Jarkutan-Uzbekistan,66.9606111392973,37.632625511419754,Jarkutan,Jarkutan
stadester-Jeypore-India,82.5710028,18.8581482,Jeypore,Jeypore
stadester-Jima-Nigeria,5.8525291,9.1028751,Jima,Jima
stadester-Joigny-France,3.4,47.98,Joigny,Joigny
stadester-Junnar-India,73.87675072857124,19.21106857721497,Junnar,Junnar
stadester-Kalinjar-India,77.12694379999999,28.0159528,Kalinjar,Kalinjar
stadester-Kalyazin-Russia,37.98,57.25,Kalyazin,Kalyazin
stadester-Kamtapur-India,89.3558899,26.1522356,Kamtapur,Kamtapur
stadester-Kathmandu-Nepal,85.3221634,27.7103145,Kathmandu,Kathmandu
stadester-Kavery-India,79.855,11.144,Kavery,Kavery
stadester-Kazimierz Dolny-Poland,21.93,51.33,Kazimierz Dolny,Kazimierz Dolny
stadester-Kendal-UK,-2.75,54.33,Kendal,Kendal
stadester-Kerma-Sudan,30.41716,19.64093,Kerma,Kerma
stadester-Kibyra-Turkey,29.4962122,37.1586124,Kibyra,Kibyra
stadester-Kirov-Russia,49.65,58.6,Kirov,Kirov
stadester-Kish (Iran)-Iran,54.01938320000001,26.5444953,Kish,Kish
stadester-Kobeliaky-Ukraine,34.23,49.15,Kobeljaki,Kobeljaki
stadester-Korkai-India,78.0623403,8.6345989,Korkai,Korkai
stadester-Korop-Ukraine,32.97,51.57,Korop,Korop
stadester-Kosambi-India,81.40317069999999,25.361054,Kosambi,Kosambi
stadester-Kostrzyn-Poland,14.65,52.62,Kostrzyn,Kostrzyn
stadester-Koumbi Saleh-Mauritania,-7.9906232,15.8212748,Koumbi Saleh,Koumbi Saleh
stadester-Kozelsk-Russia,35.78,54.03,Kozelsk,Kozelsk
stadester-Krasnoslobodsk-Russia,43.75,54.42,Krasnoslobodsk,Krasnoslobodsk
stadester-Kremenets-Ukraine,25.8,50.08,Kremenec,Kremenec
stadester-Krenik-Central African Rep.,20.939444,6.611110999999999,Krenik,Krenik
stadester-Krolevets-Ukraine,33.4,51.57,Krolevets,Krolevets
stadester-Kupiansk-Ukraine,37.62,49.68,Kupjansk,Kupjansk
stadester-La Charite sur Loire-France,3.02,47.18,la Charite sur Loire,la Charite sur Loire
stadester-La Fleche-France,-0.08,47.7,la Fleche,la Fleche
stadester-Labna-Mexico,-89.5783333,20.1708333,Labna,Labna
stadester-L'Aigle-France,0.63,48.75,laigle,laigle
stadester-Latakia-Syria,35.7987581,35.541768,Latakia,Latakia
stadester-Lauingen-Germany,10.42,48.57,Lauingen,Lauingen
stadester-Laurenzana-Italy,15.97,40.47,Laurenzana,Laurenzana
stadester-Lauria-Italy,15.83,40.03,Lauria,Lauria
stadester-Le Blanc-France,1.07,46.63,Le Blanc,Le Blanc
stadester-Le Cateau Cambresis-France,3.55,50.1,le Cateau,le Cateau
stadester-Le Mans-France,0.2015378,48.00578669999999,Le Mans,Le Mans
stadester-Lebedyn-Ukraine,34.4913836464347,50.583387040188,Lebedin,Lebedin
stadester-Lectoure-France,0.63,43.93,Lectoure,Lectoure
stadester-Leek-UK,-2.02,53.11,Leek,Leek
stadester-Leonessa-Italy,12.97,42.57,Leonessa,Leonessa
stadester-Leonforte-Italy,14.4,37.63,Leonforte,Leonforte
stadester-Lercara-Italy,13.6,37.75,Lercara,Lercara
stadester-Lichfield (UK)-UK,-1.83,52.68,Lichfield,Lichfield
stadester-Lillo-Spain,-3.3,39.72,Lillo,Lillo
stadester-Limoux-France,2.23,43.07,Limoux,Limoux
stadester-Linzi-China,118.38912,36.7993999,Linzi,Linzi
stadester-Llerena-Spain,-6.02,38.23,Llerena,Llerena
stadester-Loango-Congo,11.8350062,-4.6302254,Loango,Loango
stadester-Loches-France,1,47.13,Loches,Loches
stadester-Lodeve-France,3.32,43.72,Lodeve,Lodeve
stadester-Longvek-Cambodia,104.7628503,11.8787179,Longvek,Longvek
stadester-Loudun-France,0.08,47.02,Loudun,Loudun
stadester-Luxeuil-France,6.381111,47.8168409,Luxeuil,Luxeuil
stadester-Mamers-France,0.38,48.35,Mamers,Mamers
stadester-Mammola-Italy,16.25,38.37,Mammola,Mammola
stadester-Mandu-India,75.4003026,22.3339828,Mandu,Mandu
stadester-Mani-Mexico,-89.3917555,20.3930712,Mani,Mani
stadester-Manyakheta-India,77.1772737,17.1793457,Manyakheta,Manyakheta
stadester-Mari-Syria,37.1989936,36.4826231,Mari,Mari
stadester-Marienberg-Germany,13.17,50.65,Marienberg,Marienberg
stadester-Marineo-Italy,13.47,38.03,Misilmeri,Misilmeri
stadester-Marsico Nuovo-Italy,15.73,40.42,Marsico Nuovo,Marsico Nuovo
stadester-Mascali-Italy,15.2,37.77,Mascali,Mascali
stadester-Massafra-Italy,17.12,40.58,Massafra,Massafra
stadester-Matan-Nigeria,3.2908896,6.5949617,Matan,Matan
stadester-Matelica-Italy,13,43.25,Matelica,Matelica
stadester-Mayapan-Mexico,-89.2141281,20.4674339,Mayapan,Mayapan
stadester-Maydanets-Ukraine,30.7047143,48.8126238,Maydanets,Maydanets
stadester-Medemblik-Netherlands,5.1069179,52.7674467,Medemblik,Medemblik
stadester-Medina de Rioseco-Spain,-5.03,41.88,Medina de Rioseco,Medina de Rioseco
stadester-Melfi-Italy,15.67,40.98,Melfi,Melfi
stadester-Melilli-Italy,15.13,37.2,Melilli,Melilli
stadester-Menfi-Italy,12.87,37.6,Menfi,Menfi
stadester-Mengo-Uganda,32.7453101,0.1373082,Mengo,Mengo
stadester-Meroe-Sudan,33.726389,16.933333,Meroe,Meroe
stadester-Mglin-Russia,32.83,53.05,Mglin,Mglin
stadester-Mikhaylov-Russia,39.03,54.23,"Mikhaylov, Ryazan Oblast","Mikhaylov, Ryazan Oblast"
stadester-Milazzo-Italy,15.25,38.22,Milazzo,Milazzo
stadester-Miletus-Turkey,27.278333,37.530278,Miletus,Miletus
stadester-Militello in Val di Catania-Italy,14.78,37.28,Militello in val di Catania,Militello in val di Catania
stadester-Mirabella Eclano-Italy,14.98,41.03,Mirabella Eclano,Mirabella Eclano
stadester-Mirecourt-France,6.13,48.3,Mirecourt,Mirecourt
stadester-Mistretta-Italy,14.37,37.93,Mistretta,Mistretta
stadester-Mitla-Mexico,-96.3625053,16.9213244,Mitla,Mitla
stadester-Mohenjo Daro-Pakistan,68.1371795,27.3287231,Mohenjo Daro,Mohenjo Daro
stadester-Monchique-Portugal,-8.55,37.32,Monchique,Monchique
stadester-Mondejar-Spain,-3.10847,40.32172,Mondejar,Mondejar
stadester-Mondonedo-Spain,-7.37,43.43,Mondonedo,Mondonedo
stadester-Mondovi-Italy,7.82,44.38,Mondovi,Mondovi
stadester-Monselice-Italy,11.75,45.23,Monselice,Monselice
stadester-Montagnana-Italy,11.47,45.23,Montagnana,Montagnana
stadester-Montalbano di Elicona-Italy,15.02,38.03,Montalbano di Elicona,Montalbano di Elicona
stadester-Montefiascone-Italy,12.03,42.53,Montefiascone,Montefiascone
stadester-Montemaggiore-Italy,13.77,37.85,Montemaggiore,Montemaggiore
stadester-Montemor o Novo-Portugal,-8.216820984465015,38.64800624041331,Montemor o Novo,Montemor o Novo
stadester-Montescaglioso-Italy,16.67,40.55,Montescaglioso,Montescaglioso
stadester-Mopsuestia-Turkey,35.625096,36.960485,Mopsuestia,Mopsuestia
stadester-Morano Calabro-Italy,16.13,39.83,Morano Calabro,Morano Calabro
stadester-Morcone-Italy,14.67,41.33,Morcone,Morcone
stadester-Morella-Spain,-0.1,40.62,Morella,Morella
stadester-Morfil-Senegal,-14.583836,16.583561,Morfil,Morfil
stadester-Mormanno-Italy,16,39.88,Mormanno,Mormanno
stadester-Moura-Portugal,-7.45,38.13,Moura,Moura
stadester-Mrauk U-Myanmar,93.1930302,20.5935243,Mrauk U,Mrauk U
stadester-Mundigak-Afghanistan,65.5246,31.9039,Mundigak,Mundigak
stadester-Mureybet-Syria,38.1287,36.0434,Mureybet,Mureybet
stadester-Murshidabad-India,88.2801785,24.1759039,Murshidabad,Murshidabad
stadester-Mussomeli-Italy,13.75,37.58,Mussomeli,Mussomeli
stadester-Myrhorod-Ukraine,33.62,49.98,Mirgorod,Mirgorod
stadester-Nagara-India,75.0304481,13.8215909,Nagara,Nagara
stadester-Najera-Spain,-2.73,42.42,Najera,Najera
stadester-Namazga Tepe-Turkmenistan,59.5573997,37.3744885,Namazga Tepe,Namazga Tepe
stadester-Nanih Waiya-USA,-88.9486684,32.9215187,Nanih Waiya,Nanih Waiya
stadester-Nauen-Germany,12.87,52.6,Nauen,Nauen
stadester-Nerac-France,0.33,44.13,Nerac,Nerac
stadester-Newry-UK,-6.3402299,54.1751024,Newry,Newry
stadester-Ngala-Nigeria,14.1858272,12.3420676,Ngala,Ngala
stadester-Niani-Guinea,-8.3886892,11.3773923,Niani,Niani
stadester-Nicosia (ITA)-Italy,14.4,37.75,Nicosia,Nicosia
stadester-Nimrud-Iraq,43.328889,36.098056,Nimrud,Nimrud
stadester-Nizhny Lomov-Russia,43.683,53.533,Niznij-Lomov,Niznij-Lomov
stadester-Nogent le Rotrou-France,0.83,48.32,Nogent le Rotrou,Nogent le Rotrou
stadester-Norcia-Italy,13.08,42.8,Norcia,Norcia
stadester-Nordlingen-Germany,10.5,48.85,Noerdlingen,Noerdlingen
stadester-Nupe-Nigeria,7.4131262,7.9375301,Nupe,Nupe
stadester-Obernai-France,7.48,48.47,Obernai,Obernai
stadester-Obidos-Portugal,-9.15,39.35,Obidos,Obidos
stadester-Ocana-Spain,-3.52,39.93,Ocana,Ocana
stadester-Olvera-Spain,-5.25,36.93,Olvera,Olvera
stadester-Oppenheim-Germany,8.35,49.85,Oppenheim,Oppenheim
stadester-Ormea-Italy,7.9,44.15,Ormea,Ormea
stadester-Orthez-France,-0.77,43.48,Orthez,Orthez
stadester-Ortona-Italy,14.4,42.35,Ortona a Mare,Ortona a Mare
stadester-Osimo-Italy,13.48,43.47,Osimo,Osimo
stadester-Ostashkov-Russia,33.17,57.15,Ostashkov,Ostashkov
stadester-Ostroh-Ukraine,26.48,50.33,Ostrog,Ostrog
stadester-Otranto-Italy,18.4912117,40.1441077,Otranto,Otranto
stadester-Ouagadoudou-Burkina Faso,-1.5196603,12.3714277,Ouagadougou,Ouagadougou
stadester-Oualata-Mauritania,-7.0216191,17.2990071,Oualata,Oualata
stadester-Oxyrhyncus-Egypt,30.647,28.531,Oxyrhyncus,Oxyrhyncus
stadester-Pagan-Myanmar,94.8585458,21.1717271,Pagan,Pagan
stadester-Paithan-India,75.3849382,19.4776906,Paithan,Paithan
stadester-Palazzolo Acreide-Italy,14.9,37.07,Palazzolo Acreide,Palazzolo Acreide
stadester-Palma di Montechiaro-Italy,13.77,37.2,Palma di Montechiaro,Palma di Montechiaro
stadester-Palmanova-Italy,13.309867296153453,45.90536513980399,Palmanova,Palmanova
stadester-Paredes de Nava-Spain,-4.68,42.15,Paredes de Nava,Paredes de Nava
stadester-Parutino-Ukraine,31.8952702,46.7068579,Parutino,Parutino
stadester-Pastrana-Spain,-2.92,40.42,Pastrana,Pastrana
stadester-Patti-Italy,14.97,38.15,Patti,Patti
stadester-Pec-Kosovo,20.2887358,42.6592868,Pec,Pec
stadester-Pecska-Romania,21.08,46.17,Pecska,Pecska
stadester-Penaranda-Spain,-5.2,40.9,Penaranda,Penaranda
stadester-Penne (ITA)-Italy,13.92,42.45,Penne,Penne
stadester-Penugonda-India,81.7456892,16.6561394,Penugonda,Penugonda
stadester-Pereiaslav Khmelnytskyi-Ukraine,31.47,50.08,Pereiaslav-Khmelnytskyi,Pereiaslav-Khmelnytskyi
stadester-Persepolis-Iran,52.88918169999999,29.9355823,Persepolis,Persepolis
stadester-Petra-Jordan,35.4443622,30.3284544,Petra,Petra
stadester-Petralia Sottana-Italy,14.02,37.8,Polizzi Generosa,Polizzi Generosa
stadester-Petrovsk-Russia,45.38,52.32,Petrovsk,Petrovsk
stadester-Pezenas-France,3.42,43.45,Pezenas,Pezenas
stadester-Piedras Negras-Guatemala,-91.2559969,17.179211,Piedras Negras,Piedras Negras
stadester-Pietraperzia-Italy,14.13,37.42,Pietraperzia,Pietraperzia
stadester-Pisticci-Italy,16.57,40.38,Pisticci,Pisticci
stadester-Ploermel-France,-2.4,47.93,Ploermel,Ploermel
stadester-Poggibonsi-Italy,11.15,43.47,Poggibonsi,Poggibonsi
stadester-Pont Audemer-France,0.52,49.35,Pont Audemer,Pont Audemer
stadester-Pontecorvo-Italy,13.67,41.45,Pontecorvo,Pontecorvo
stadester-Porcuna-Spain,-4.18,37.87,Porcuna,Porcuna
stadester-Prizzi-Italy,13.43,37.72,Prizzi,Prizzi
stadester-Procida-Italy,14.03,40.77,Procida,Procida
stadester-Pronsk-Russia,39.6096027,54.1211529,Pronsk,Pronsk
stadester-Puigcerda-Spain,1.93,42.43,Puigcerda,Puigcerda
stadester-Puje-Nigeria,9.8236533,7.8762853,Puje,Puje
stadester-Putignano-Italy,17.122798114464405,40.849182340282894,Putignano,Putignano
stadester-Putivl-Ukraine,33.88,51.35,Putivl,Putivl
stadester-Pylos-Greece,21.6963472,36.91307560000001,Pylos,Pylos
stadester-Pyrgos (Elis)-Greece,21.47,37.68,Pirgos,Pirgos
stadester-Qalat al Bahrain-Bahrain,50.5198657,26.2330953,Qalat al Bahrain,Qalat al Bahrain
stadester-Qift-Egypt,32.8159277,26.0002314,Qift,Qift
stadester-Qufu-China,117.24542,35.4746899,Qufu,Qufu
stadester-Racalmuto-Italy,13.73,37.42,Racalmuto,Racalmuto
stadester-Rajmahal-India,87.8308806,25.0542553,Rajmahal,Rajmahal
stadester-Rakhigarhi-India,76.11314949999999,29.2881189,Rakhigarhi,Rakhigarhi
stadester-Rambervillers-France,6.63,48.35,Rambervillers,Rambervillers
stadester-Randazzo-Italy,14.95,37.87,Randazzo,Randazzo
stadester-Rao-Senegal,-16.3977375,15.9213043,Rao,Rao
stadester-Ratzeburg-Germany,10.7710605,53.6989627,Ratzeburg,Ratzeburg
stadester-Ravanusa-Italy,13.98,37.27,Ravanusa,Ravanusa
stadester-Regalbuto-Italy,14.63,37.65,Regalbuto,Regalbuto
stadester-Rethel-France,4.37,49.52,Rethel,Rethel
stadester-Ribeauville-France,7.33,48.2,Ribeauville,Ribeauville
stadester-Richelieu-France,0.32,47.02,Richelieu,Richelieu
stadester-Rochlitz-Germany,12.7940862,51.050756,Rochlitz,Rochlitz
stadester-Rossano Calabro-Italy,16.63,39.58,Rossano,Rossano
stadester-Rothenburg ob der Tauber-Germany,10.17,49.38,Rothenburg ob der Tauber,Rothenburg ob der Tauber
stadester-Rute-Spain,-4.38,37.33,Rute,Rute
stadester-Rylsk-Russia,34.65,51.58,Rylsk,Rylsk
stadester-S Caterina Villarmosa-Italy,14.03,37.58,Santa Caterina Villarmosa,Santa Caterina Villarmosa
stadester-S Margherita di Belice-Italy,13.03,37.7,Santa Margherita di Belice,Santa Margherita di Belice
stadester-Sagalassos-Turkey,30.5215496,37.6783848,Sagalassos,Sagalassos
stadester-Sais-Egypt,30.768333,30.964722,Sais,Sais
stadester-Salemi-Italy,12.8,37.8,Salemi,Salemi
stadester-Salies De Bearn-France,-0.9248539999999998,43.47055599999999,Salies De Bearn,Salies De Bearn
stadester-Salins les Bains-France,5.88,46.95,Salins les Bains,Salins les Bains
stadester-Saluzzo-Italy,7.48,44.65,Saluzzo,Saluzzo
stadester-Sambuca di Sicilia-Italy,13.1,37.65,Sambuca di Sicilia,Sambuca di Sicilia
stadester-San Clemente-Spain,-2.43,39.4,San Clemente,San Clemente
stadester-San Fele-Italy,15.55,40.8,San Fele,San Fele
stadester-San Gimignano-Italy,11.03,43.47,San Gimignano,San Gimignano
stadester-San Marco in Lamis-Italy,15.63,41.72,San Marco in lamis,San Marco in lamis
stadester-San Sebastian-Spain,-5.9255135,43.2615376,San Sebastian,San Sebastian
stadester-Santiago Tilantongo-Mexico,-97.3394612,17.282364,Santiago Tilantongo,Santiago Tilantongo
stadester-Santo Stefano di Briga-Italy,15.4811241,38.1006777,Santo Stefano di Briga,Santo Stefano di Briga
stadester-Sanxingdui-China,104.20294,30.96145,Sanxingdui,Sanxingdui
stadester-Sapinuwa-Turkey,35.2364538,40.255064,Sapinuwa,Sapinuwa
stadester-Saptagram-India,88.36885269999999,22.9586034,Saptagram,Saptagram
stadester-Sardis-Turkey,28.040168312433586,38.48841695393274,Sardis,Sardis
stadester-Saverne-France,7.361647,48.741963,Saverne,Saverne
stadester-Savigliano-Italy,7.67,44.63,Savigliano,Savigliano
stadester-Sayil-Mexico,-89.64833329999999,20.1774999,Sayil,Sayil
stadester-Schmalkalden-Germany,10.43,50.72,Schmalkalden,Schmalkalden
stadester-Scigliano-Italy,16.3,39.12,Scigliano,Scigliano
stadester-Segorbe-Spain,-0.5,39.85,Segorbe,Segorbe
stadester-Seron (SPA)-Spain,-2.5088473,37.3451668,Seron,Seron
stadester-Serradifalco-Italy,13.88,37.45,Serradifalco,Serradifalco
stadester-Sevsk-Russia,34.52,52.13,Sevsk,Sevsk
stadester-Sezze-Italy,13.7,41.5,Sezze,Sezze
stadester-Shakhr I Sokhta-Iran,61.4,30.65,Shakhr I Sokhta,Shakhr I Sokhta
stadester-Shepton Mallet-UK,-2.547799474924316,51.190929689159084,Shepton Mallet,Shepton Mallet
stadester-Sibsagar-India,94.63942399999999,26.989087,Sibsagar,Sibsagar
stadester-Siculiana-Italy,13.43,37.33,Siculiana,Siculiana
stadester-Sijilmasa-Morocco,-4.2823529,31.2741436,Sijilmasa,Sijilmasa
stadester-Sira-India,76.8951159,13.7432735,Sira,Sira
stadester-Siraf-Iran,52.33739139999999,27.6704094,Siraf,Siraf
stadester-Sisteron-France,5.93,44.2,Sisteron,Sisteron
stadester-Skopin-Russia,39.57,53.83,Skopin,Skopin
stadester-Solofra-Italy,14.85,40.83,Solofra,Solofra
stadester-Somnath-India,70.4059983,20.8882111,Somnath,Somnath
stadester-Sonargaon-Bangladesh,90.594951,23.6359769,Sonargaon,Sonargaon
stadester-Songadh-India,73.5645054,21.166359,Songadh,Songadh
stadester-Sortino-Italy,15.03,37.17,Sortino,Sortino
stadester-Spaccafurno-Italy,14.844019,36.726334,Modica/Pozzallo,Modica/Pozzallo
stadester-Sravasti-India,82.036461,27.5035427,Sravasti,Sravasti
stadester-Srirangapatna-India,76.6828604,12.4237094,Srirangapatna,Srirangapatna
stadester-St Andrews-UK,-2.8,56.34,St Andrews,St Andrews
stadester-St Bertrand de Comminges-France,0.5708599999999999,43.026621,St Bertrand de Comminges,St Bertrand de Comminges
stadester-St Flour-France,3.08,45.03,St Flour,St Flour
stadester-St Gilles-France,4.43,43.68,St Gilles,St Gilles
stadester-St Jean D'Angely-France,-0.5196826,45.9451448,St Jean D'Angely,St Jean D'Angely
stadester-St Marie aux Mines-France,7.18,48.25,St Marie aux Mines,St Marie aux Mines
stadester-St Mihiel-France,5.55,48.9,St Mihiel,St Mihiel
stadester-St Pol-France,-4,48.7,St Pol,St Pol
stadester-Staraya Russa-Russia,31.37,58,Staraja Russa,Staraja Russa
stadester-Starodub-Russia,32.77,52.58,Starodub,Starodub
stadester-Sudak-Ukraine,34.97615247921127,44.85056218362535,Sudak,Sudak
stadester-Sulechow-Poland,15.62,52.1,Sulechow,Sulechow
stadester-Sulmona-Italy,13.93,42.05,Sulmona,Sulmona
stadester-Sultaniya-Iran,48.79464189999999,36.4339881,Sultaniya,Sultaniya
stadester-Surame-Nigeria,4.885130699999999,13.0797039,Surame,Surame
stadester-Surghul-Iraq,46.495278,31.376667,Surghul,Surghul
stadester-Suzhou (JS-China)-China,120.58319,31.29833989999999,Suzhou,Suzhou
stadester-Tagust-Morocco,-10.016329820241422,28.950287094686434,Tagust,Tagust
stadester-Talianki-Ukraine,30.548455,48.8086119,Talianki,Talianki
stadester-Tall i Malyan-Iran,52.41820449999999,30.0078958,Tall i Malyan,Tall i Malyan
stadester-Tamluk-India,87.9188533,22.2858078,Tamluk,Tamluk
stadester-Taormina-Italy,15.28,37.87,Taormina,Taormina
stadester-Tashkent-Uzbekistan,69.2385223,41.2982211,Tashkent,Tashkent
stadester-Tedsi-Morocco,-8.833278544181757,30.44996297850448,Tedsi,Tedsi
stadester-Tegulat-Ethiopia,39.61549617536818,9.847387781102242,Tegulat,Tegulat
stadester-Tell Brak-Syria,41.05452409999999,36.6824572,Tell Brak,Tell Brak
stadester-Tell Chuera-Syria,39.5202778,36.6327778,Tell Chuera,Tell Chuera
stadester-Tell Leilan-Syria,41.504396,36.9580695,Tell Leilan,Tell Leilan
stadester-Tembleque-Spain,-3.5,39.7,Tembleque,Tembleque
stadester-Thatta-India,75.22748659999999,31.3381428,Thatta,Thatta
stadester-Thetford-UK,0.751657,52.412856,Thetford,Thetford
stadester-Tikal-Guatemala,-89.61103779999999,17.2248941,Tikal,Tikal
stadester-Tinnis-Egypt,32.2294444,31.2088889,Tinnis,Tinnis
stadester-Titris Hoyuk-Turkey,38.677222,37.476111,Titris Hoyuk,Titris Hoyuk
stadester-Tiverton-UK,-3.49,50.9,Tiverton,Tiverton
stadester-Tiwanaku-Bolivia,-68.6811615,-16.5524779,Tiwanaku,Tiwanaku
stadester-Tonggoo-Korea,126.178611,41.120833,Tonggoo,Tonggoo
stadester-Tonneins-France,0.32,44.38,Tonneins,Tonneins
stadester-Tonning-Germany,8.9381144,54.31572269999999,Tonning,Tonning
stadester-Tordesillas-Spain,-5,41.5,Tordesillas,Tordesillas
stadester-Toropets-Russia,31.65,56.5,Toropets,Toropets
stadester-Tortorici-Italy,14.82,38.03,Tortorici,Tortorici
stadester-Tosali-India,85.84804843532524,20.22812643737976,Tosali,Tosali
stadester-Tournus-France,4.82,45.08,Tournus,Tournus
stadester-Tres Zapotes-Mexico,-95.4374972,18.4678181,Tres Zapotes,Tres Zapotes
stadester-Treviglio-Italy,9.58,45.52,Treviglio,Treviglio
stadester-Trino-Italy,8.3,45.2,Trino,Trino
stadester-Troina-Italy,14.62,37.78,Troina,Troina
stadester-Troy (TR)-Turkey,27.432852947774055,37.941905104503086,Troy,Troy
stadester-Tzintzuntzan-Mexico,-101.5759584,19.6290391,Tzintzuntzan,Tzintzuntzan
stadester-Urkesh-Syria,40.9951471,37.0588097,Urkesh,Urkesh
stadester-Uxmal-Mexico,-89.7683833,20.3599062,Uxmal,Uxmal
stadester-Uzes-France,4.42,44.02,Uzes,Uzes
stadester-Vadinsk-Russia,43.0478142,53.69132940000001,Vadinsk,Vadinsk
stadester-Vaishali-India,85.35496499999999,25.6838206,Vaishali,Vaishali
stadester-Valenza-Italy,8.63,45.02,Valenza,Valenza
stadester-Vallabhi (Gujarat)-India,71.87626759999999,21.8902087,Vallabhi,Vallabhi
stadester-Valognes-France,-1.467,49.52,Valognes,Valognes
stadester-Varallo Sesia-Italy,8.2543505,45.8144712,Varallo Sesia,Varallo Sesia
stadester-Vasto-Italy,14.7,42.12,Vasto,Vasto
stadester-Vasylkiv-Ukraine,30.32,50.2,Vasilkov,Vasilkov
stadester-Veii-Italy,12.389722,42.023333,Veii,Veii
stadester-Velez Blanco-Spain,-2.08,37.68,Velez Blanco,Velez Blanco
stadester-Veliky Ustyug-Russia,46.3,60.77,Veliky Ustyug,Veliky Ustyug
stadester-Velizh-Russia,31.11,55.6,Veliz,Veliz
stadester-Ventimiglia-Italy,7.607821626256117,43.79116424530389,Ventigmiglia,Ventigmiglia
stadester-Venyov-Russia,38.25,54.37,Venyov,Venyov
stadester-Verdun sur Garonne-France,1.23,43.85,Verdun sur Garonne,Verdun sur Garonne
stadester-Vico Del Gargano-Italy,15.9598507,41.8960131,Vico Del Gargano,Vico Del Gargano
stadester-Vieste-Italy,16.17,41.88,Vieste,Vieste
stadester-Vijayanagara-India,76.462,15.335,Vijayanagara,Vijayanagara
stadester-Vila Vicosa-Portugal,-7.42,38.77,Vila Vicosa,Vila Vicosa
stadester-Villa Robledo-Spain,-2.4406387,38.774234,Villa Robledo,Villa Robledo
stadester-Villafranca Di Piemonte-Italy,7.5048866,44.7808437,Villafranca Di Piemonte,Villafranca Di Piemonte
stadester-Villalon-Spain,-5.03,42.1,Villalon,Villalon
stadester-Villanueva de l a Jara-Spain,-1.9551331,39.4403083,Villanueva de l a Jara,Villanueva de l a Jara
stadester-Villanueva de los Infante-Spain,-3.011634648401504,38.73413159770613,Villanueva de los Infantes,Villanueva de los Infantes
stadester-Villefranche de Rouergue-France,2.03,44.35,Villefranche de Rouergue,Villefranche de Rouergue
stadester-Vizzini-Italy,14.85,37.17,Vizzini,Vizzini
stadester-Volterra-Italy,10.85,43.4,Volterra,Volterra
stadester-Voskpoje-Albania,20.5885853,40.63356390000001,Voskpoje,Voskpoje
stadester-Vyshny Volochyok-Russia,34.57,57.58,Vysnij Volocek,Vysnij Volocek
stadester-Wari-Peru,-77.1708039,-9.3483845,Wari,Wari
stadester-Warminster-UK,-2.18,51.21,Warminster,Warminster
stadester-Washukanni-Syria,40.068611,36.84,Washukanni,Washukanni
stadester-Wasit-Iraq,45.7520985,32.6024094,Wasit,Wasit
stadester-Wellington (UK)-UK,-2.52,52.7,Wellington,Wellington
stadester-Whitby-UK,-0.62,54.49,Whitby,Whitby
stadester-Whitehaven (UK)-UK,-3.59,54.55,Whitehaven,Whitehaven
stadester-Wissembourg-France,7.95,49.03,Wissembourg,Wissembourg
stadester-Workington-UK,-3.55,54.64,Workington,Workington
stadester-Workum-Netherlands,5.43,52.95,Workum,Workum
stadester-Wschowa-Poland,16.32,51.8,Wschowa,Wschowa
stadester-Xochicalco-Mexico,-99.2994444,18.7872222,Xochicalco,Xochicalco
stadester-Ye-China,114.40656618847811,36.27455215421809,Ye,Ye
stadester-Yenhsiatu-China,115.5313005386574,39.306475556871696,Yenhsiatu,Yenhsiatu
stadester-Yepes-Spain,-3.63,39.9,Yepes,Yepes
stadester-Yssingeaux-France,4.12,45.15,Yssingeaux,Yssingeaux
stadester-Yvetot-France,0.77,49.62,Yvetot,Yvetot
stadester-Zabala-Iraq,45.876667,31.743333,Zabala,Zabala
stadester-Zafar-Yemen,44.4034219,14.2118054,Zafar,Zafar
stadester-Zamfara-Nigeria,4.0462342,12.0216016,Zamfara,Zamfara
stadester-Zaporizhia-Ukraine,35.17,47.83,Zaporizhia,Zaporizhia
stadester-Zaraysk-Russia,38.88,54.77,Zaraysk,Zaraysk
stadester-Zinkiv-Ukraine,34.37,50.18,Zen'kov,Zen'kov
stadester-Zlotoryja-Poland,15.92,51.13,Zlotoryja,Zlotoryja
stadester-Zolochiv-Ukraine,24.85,49.8,Zolocev,Zolocev
stadester-Zolotonosha-Ukraine,32.08,49.65,Zolotonosa,Zolotonosa
stadester-Zoutleeuw-Belgium,5.1045143,50.8323245,Zoutleeuw,Zoutleeuw
stadester-Zvongombe-Zimbabwe,31.21225,-16.7067778,Zvongombe,Zvongombe
stadester-Munster-Germany,-8.71667,52.34333,Munster,Munster
stadester-Archidona-Spain,-4.38,37.1,Archidona,Archidona
stadester-Bagnara Calabria-Italy,15.82,38.3,Bagnara Calabria,Bagnara Calabria
stadester-Bagnols-France,2.62,45.5,Bagnols,Bagnols
stadester-Balta-Ukraine,29.65,47.97,Balta,Balta
stadester-Belgorod-Ukraine,30.217,50.3835,Belgorod,Belgorod
stadester-Bella-Italy,15.55,40.77,Bella,Bella
stadester-Belogorosk-Ukraine,34.6,45.05,Belogorosk,Belogorosk
stadester-Bilston-UK,-2.07,52.57,Bilston,Bilston
stadester-Burscheid-Germany,7.111007735889526,51.08501063305291,Burscheid,Burscheid
stadester-Caltabellotta-Italy,14.52,37.23,Caltabellotta,Caltabellotta
stadester-Campulung-Romenia,25.62,47.5,Campulung,Campulung
stadester-Capua-Italy,14.2,41.1,Capua,Capua
stadester-Castellammare del Golfo-Italy,12.8830003738403,38.0169982910156,Castellammare del Golfo,Castellammare del Golfo
stadester-Clamecy-France,3.52,47.45,Clamecy,Clamecy
stadester-Clausthal Zellerfeld-Germany,10.33,51.8,Clausthal Zellerfeld,Clausthal Zellerfeld
stadester-Cronenberg-Germany,7.13,51.2,Cronenberg,Cronenberg
stadester-Cuguev-Ukraine,36.69,49.85,Cuguev,Cuguev
stadester-Darnetal-France,1.15,49.45,Darnetal,Darnetal
stadester-Deptford-UK,-0.03,51.48,Deptford,Deptford
stadester-Ejsk-Lithuania,25,54.15,Ejsk,Ejsk
stadester-Ellesmere-UK,-2.89,52.91,Ellesmere,Ellesmere
stadester-Fuentes de Andalucia-Spain,-5.33,38.47,Fuentes de Andalucia,Fuentes de Andalucia
stadester-Gillingham-UK,-2.2748,51.0375,Gillingham,Gillingham
stadester-Gluhov-Ukraine,33.9,51.67,Gluhov,Gluhov
stadester-Ilkeston-UK,-1.31,52.97,Ilkeston,Ilkeston
stadester-Kamishin-Russia,45.4,50.08,Kamishin,Kamishin
stadester-Karacev-Russia,35,53.1,Karacev,Karacev
stadester-Krempe-Germany,9.48,53.83,Krempe,Krempe
stadester-Larisa-Greece,22.42,38.63,Larisa,Larisa
stadester-Lavaur-France,1.8,43.68,Lavaur,Lavaur
stadester-Linares-Spain,-3.63,38.08,Linares,Linares
stadester-Lluchmayor-Spain,-2.88,39.48,Lluchmayor,Lluchmayor
stadester-Maladsetschna-Belarus,28.85,54.32,Maladsetschna,Maladsetschna
stadester-Mokshan-Russia,44.58,53.45,Mokshan,Mokshan
stadester-Monte Sant' Angelo-Italy,15.95,41.7,Monte Sant' Angelo,Monte Sant' Angelo
stadester-Montefrio-Spain,-4,37.32,Montefrio,Montefrio
stadester-Montepulciano-Italy,11.78,43.08,Montepulciano,Montepulciano
stadester-Nagykoeroes-Hungary,19.72,47.03,Nagykoeroes,Nagykoeroes
stadester-Nantwich-UK,-2.52,53.07,Nantwich,Nantwich
stadester-Newport-UK,-2.37,52.78,Newport,Newport
stadester-Oldenburg-Germany,8.22,53.15,Oldenburg,Oldenburg
stadester-Oria-Italy,17.63,40.5,Oria,Oria
stadester-Orsha-Belarus,30.4,54.5,Orsha,Orsha
stadester-Padron-Spain,-8.6,42.77,Padron,Padron
stadester-Panevezys-Lithuania,24.35,55.73,Panevezys,Panevezys
stadester-Pereslavl-Zalessky-Russia,38.83,56.67,Pereslavl-Zalessky,Pereslavl-Zalessky
stadester-Piatra Neamt-Romenia,26.37,44.93,Piatra Neamt,Piatra Neamt
stadester-Pochinki, Pochinkovsky District, Nizhny Novgorod Oblast-Russia,44.88,54.72,"Pochinki, Pochinkovsky District, Nizhny Novgorod Oblast","Pochinki, Pochinkovsky District, Nizhny Novgorod Oblast"
stadester-Sack-Russia,41.72,54.03,Sack,Sack
stadester-San Bartolomeo-Italy,15.02,41.4,San Bartolomeo,San Bartolomeo
stadester-Saray-Russia,47.45,47.17,Saray,Saray
stadester-Sefton-UK,-2.97,53.5,Sefton,Sefton
stadester-Shchyolkovo-Russia,38.02,55.9,Shchyolkovo,Shchyolkovo
stadester-Spassk-Russia,43.18,53.6,Spassk,Spassk
stadester-St Leonard-France,1.48,45.83,St Leonard,St Leonard
stadester-St Peter Port-UK,-2.5369759150475217,49.45695068371872,St Peter Port,St Peter Port
stadester-Starokonstantinov-Ukraine,21.17,49.8,Starokonstantinov,Starokonstantinov
stadester-Sudza-Russia,35.25,51.2,Sudza,Sudza
stadester-Valki-Ukraine,35.63,49.85,Valki,Valki
stadester-Varallo-Italy,8.63,45.67,Varallo,Varallo
stadester-Vigon-Italy,7.5,44.85,Vigon,Vigon
stadester-Voskopoje-Albania,20.55,40.67,Voskopoje,Voskopoje
stadester-Werden-Germany,7,51.38,Werden,Werden
stadester-Wolin-Poland,14.62,53.84,Wolin,Wolin
stadester-Yniesta-Spain,-1.75,39.43,Yniesta,Yniesta
stadester-la Seyne sur Mer-France,5.88,43.18,la Seyne sur Mer,la Seyne sur Mer